fio,admission_year,study_form,ct_score,certificate_score,total_score,specialty,address,phone
Маркова Прасковья Николаевна,2025,Бюджет,52,6.8,120.0,Лингвистика,"п. Буденновск, пр. Макаренко, д. 8/5 стр. 32, 242782",+73060108343
Бобылева Варвара Михайловна,2022,Бюджет,79,9.0,169.0,Журналистика,"к. Верхоянск, пр. Папанина, д. 882 стр. 6, 063065",81813292304
Большаков Олимпий Глебович,2025,Целевая,28,6.8,96.0,Экономика,"к. Элиста, ул. Выгонная, д. 29 к. 4/4, 642109",8 490 973 93 02
Викторин Егорович Елисеев,2024,Платная,61,8.5,146.0,Дизайн,"д. Андреаполь, ш. Лесхозное, д. 509, 201892",8 (148) 572-91-74
Модест Тихонович Куликов,2021,Целевая,70,8.1,151.0,Журналистика,"клх Москва, пр. Севастопольский, д. 22 к. 8/9, 966582",+79960289629
Пестов Парамон Егорович,2022,Платная,78,6.7,145.0,Информатика и вычислительная техника,"клх Красная Поляна, бул. Бабушкина, д. 541 стр. 48, 708560",+7 (652) 850-07-45
Матвей Давыдович Щукин,2021,Бюджет,41,7.4,115.0,Юриспруденция,"с. Хабаровск, ул. Донская, д. 405 к. 3, 340453",+7 825 983 8706
Королева Фёкла Григорьевна,2022,Бюджет,45,7.3,118.0,Психология,"п. Аршан (Бурят.), алл. Кавказская, д. 2 стр. 37, 352214",+71270560480
Лобанова Тамара Борисовна,2025,Бюджет,54,8.2,136.0,Психология,"ст. Тихорецк, наб. Литейная, д. 25, 020124",8 (059) 919-6252
Якушева Евгения Григорьевна,2023,Целевая,34,7.4,108.0,Дизайн,"с. Анива, алл. Отрадная, д. 8/2, 832218",83906597713
Быкова Александра Олеговна,2024,Бюджет,71,6.0,131.0,Строительство,"клх Игнашино, пер. Папанина, д. 3/7, 602537",8 (504) 864-9819
Беляков Геннадий Валерианович,2024,Бюджет,69,6.9,138.0,Менеджмент,"с. Калевала, алл. Театральная, д. 666, 477324",8 (704) 088-79-32
Аксенов Авдей Измаилович,2021,Платная,78,9.3,171.0,Психология,"ст. Усмань, пр. Социалистический, д. 55 к. 487, 994516",8 (341) 778-3544
Щербаков Герман Зиновьевич,2023,Платная,64,7.0,134.0,Строительство,"ст. Сургут (Хант.), наб. Путевая, д. 2/1 к. 619, 530208",+7 186 825 56 09
Вишняков Олег Ильясович,2021,Целевая,63,6.9,132.0,Информатика и вычислительная техника,"клх Новый Оскол, бул. Севастопольский, д. 12 к. 176, 471265",8 014 022 13 57
Макаров Нестор Валерьевич,2025,Платная,78,6.6,144.0,Лингвистика,"с. Асино, бул. Щетинкина, д. 659 к. 2, 706828",+7 (919) 882-2053
Евгения Анатольевна Алексеева,2021,Платная,54,5.7,111.0,Менеджмент,"д. Змеиногорск, пр. Кубанский, д. 5, 596179",8 532 318 1148
Нинель Борисовна Горшкова,2023,Платная,64,7.8,142.0,Юриспруденция,"к. Новороссийск, бул. Дачный, д. 8/2, 449719",+79461563629
Авдеев Зиновий Богданович,2022,Целевая,34,7.5,109.0,Лингвистика,"г. Троицк (Челяб.), бул. Сибирский, д. 8/3 стр. 62, 029354",8 (657) 486-83-89
Рожкова Галина Геннадьевна,2025,Платная,82,8.7,169.0,Журналистика,"г. Улан-Удэ, ш. Речное, д. 947 стр. 52, 749210",+7 416 941 1004
Евфросиния Владимировна Крюкова,2021,Бюджет,55,6.3,118.0,Экономика,"к. Павловская, наб. Ростовская, д. 8 стр. 89, 504970",+70456218460
Ксения Евгеньевна Абрамова,2022,Целевая,67,7.9,146.0,Медицина,"д. Усть-Кут, алл. Мая 1, д. 251, 132725",+7 (267) 226-93-66
Алевтина Геннадьевна Большакова,2024,Платная,26,7.3,99.0,Психология,"г. Усть-Калманка, алл. Ермака, д. 5/7 стр. 2/8, 188911",+7 (972) 825-3318
Савельев Станислав Егорович,2024,Бюджет,57,6.3,120.0,Экономика,"ст. Горячинск, пер. Баумана, д. 485, 531474",+79146792134
Виктория Алексеевна Суворова,2021,Целевая,58,7.9,137.0,Медицина,"ст. Курчатов, ул. Промышленная, д. 1/8 к. 4/5, 501993",8 (885) 482-21-09
Галкин Иларион Герасимович,2023,Целевая,37,8.1,118.0,Строительство,"ст. Каменномостский, пр. Заводской, д. 70 к. 1, 024477",+7 (537) 913-8792
Суханова Наталья Валериевна,2025,Целевая,60,7.9,139.0,Дизайн,"к. Катав-Ивановск, бул. Элеваторный, д. 6/5 стр. 7, 966757",8 844 577 81 59
Мясникова Милица Ефимовна,2021,Целевая,58,8.6,144.0,Психология,"ст. Чебаркуль, бул. Марта 8, д. 7, 727369",8 975 375 43 08
Любосмысл Андреевич Владимиров,2021,Платная,36,8.0,116.0,Экономика,"п. Ульяновск, ш. Советское, д. 31 к. 8, 792770",+7 (187) 550-8006
Изяслав Устинович Власов,2024,Целевая,39,7.7,116.0,Менеджмент,"с. Бодайбо, ул. Черемушки, д. 6/2 к. 39, 566839",8 668 395 14 07
Беляева Марфа Романовна,2022,Платная,55,5.7,112.0,Журналистика,"п. Домодедово, алл. Проезжая, д. 264 к. 3/5, 502095",8 638 153 49 81
Валерия Рудольфовна Алексеева,2021,Бюджет,56,7.6,132.0,Информатика и вычислительная техника,"к. Бирск, пр. Макарова, д. 5/3, 200475",+7 371 592 17 44
Васильева Лариса Эльдаровна,2022,Целевая,61,6.9,130.0,Информатика и вычислительная техника,"к. Боровск, ул. Кошевого, д. 7 стр. 905, 195257",+7 544 930 0072
Кудрявцев Арефий Адрианович,2021,Платная,67,7.3,140.0,Экономика,"ст. Братск, бул. Солнечный, д. 642, 911714",8 502 759 7586
Лапина Евпраксия Захаровна,2025,Платная,64,6.7,131.0,Дизайн,"г. Тында, ш. Высокое, д. 57 стр. 6, 667689",+7 (535) 969-3129
Агата Олеговна Лукина,2025,Бюджет,83,8.0,163.0,Лингвистика,"ст. Армавир, алл. Абрикосовая, д. 273 стр. 8, 171193",8 041 679 1944
Абрамова Зинаида Григорьевна,2021,Бюджет,55,6.6,121.0,Менеджмент,"п. Сосногорск, пер. Громова, д. 999 стр. 674, 100012",+71361431611
Лидия Тарасовна Александрова,2024,Целевая,61,7.5,136.0,Экономика,"с. Армавир, пер. Шахтерский, д. 73 стр. 338, 159364",8 078 153 4321
Юлия Кирилловна Емельянова,2023,Платная,61,8.7,148.0,Дизайн,"к. Верещагино (Перм.), бул. Коммунальный, д. 11 стр. 121, 214884",86072950025
Платон Григорьевич Костин,2024,Платная,57,8.7,144.0,Лингвистика,"д. Карабулак, алл. Ветеранов, д. 2/4, 711167",+7 948 144 25 73
Шилова Нонна Святославовна,2023,Бюджет,25,7.3,98.0,Юриспруденция,"клх Кизилюрт, пер. Дарвина, д. 7, 984974",8 149 128 74 48
Ермолай Юльевич Щербаков,2025,Платная,63,6.3,126.0,Экономика,"ст. Томари, ш. Ленинское, д. 6, 535776",+75974856317
Виктор Артурович Шилов,2024,Целевая,28,7.9,107.0,Дизайн,"клх Завьялиха, пер. Березовый, д. 23, 396341",+73624229036
Борисов Артем Адрианович,2022,Целевая,58,8.0,138.0,Медицина,"к. Прохладный, ш. Нефтяников, д. 3 стр. 6, 723581",8 205 226 8549
Надежда Андреевна Симонова,2023,Целевая,52,6.3,115.0,Журналистика,"г. Быково (метеост.), бул. Ивановский, д. 30 к. 2/9, 875126",8 (850) 464-04-88
Никодим Денисович Евдокимов,2023,Бюджет,31,7.0,101.0,Лингвистика,"п. Белоярский, пер. Боровой, д. 1, 543034",8 (115) 173-17-43
Абрамова Регина Тимофеевна,2025,Целевая,79,6.6,145.0,Медицина,"п. Кизилюрт, пер. Ключевой, д. 5 стр. 65, 448949",8 779 641 3543
Колесникова Марина Ждановна,2024,Целевая,57,9.2,149.0,Медицина,"п. Неплюевка, ш. Запрудное, д. 4/8 к. 6/2, 420542",8 (385) 520-8269
Ширяев Никита Антонович,2025,Бюджет,40,9.5,135.0,Журналистика,"г. Бодайбо, алл. Полярная, д. 269 к. 478, 620632",8 (551) 898-76-22
Полина Андреевна Рогова,2024,Целевая,56,7.9,135.0,Юриспруденция,"д. Терскол, пер. Широкий, д. 994 стр. 339, 580594",8 991 412 91 18
Ефимов Юрий Глебович,2022,Целевая,53,7.1,124.0,Информатика и вычислительная техника,"д. Боровск, ул. Троицкая, д. 27 к. 2, 608457",8 (706) 939-39-14
Вишняков Пимен Фомич,2024,Платная,43,7.8,121.0,Лингвистика,"к. Краснотурьинск, пер. Механизаторов, д. 2 к. 4, 346206",+7 (926) 011-7594
Нестор Тихонович Семенов,2024,Целевая,54,5.7,111.0,Лингвистика,"ст. Новосибирск, бул. Добролюбова, д. 9/3 к. 7, 145919",83083131392
Тимофеев Глеб Зиновьевич,2022,Целевая,0,7.0,70.0,Информатика и вычислительная техника,"к. Тула, бул. Прудовой, д. 954, 480263",87675666896
Дьячков Сила Егорович,2021,Платная,23,7.1,94.0,Медицина,"с. Черняховск, пр. Мирный, д. 9, 124289",8 407 315 75 01
Горбунов Иннокентий Еремеевич,2021,Бюджет,83,7.8,161.0,Строительство,"клх Усть-Камчатск, пр. Калинина, д. 9 к. 7, 719097",+7 (072) 515-6497
Прохоров Исай Александрович,2024,Платная,29,8.2,111.0,Информатика и вычислительная техника,"п. Верхний Уфалей, пр. Рабочий, д. 6/8 стр. 567, 057047",+79523877569
Тамара Архиповна Григорьева,2022,Бюджет,71,8.7,158.0,Дизайн,"г. Тосно, пр. Смирнова, д. 2/2 стр. 93, 204419",87448533831
Стрелкова Акулина Святославовна,2023,Бюджет,63,7.5,138.0,Лингвистика,"ст. Теберда, бул. Заливный, д. 4/8 к. 215, 142713",8 867 165 3976
Орехов Ефим Ануфриевич,2025,Целевая,44,7.1,115.0,Лингвистика,"п. Армавир, наб. Ленина, д. 9/1 стр. 9, 034557",8 693 261 75 07
Василиса Кузьминична Игнатова,2023,Бюджет,65,7.4,139.0,Дизайн,"ст. Комсомольск-на-Амуре, ш. Верхнее, д. 8 стр. 1/2, 827851",8 141 617 52 69
Татьяна Федоровна Рябова,2024,Бюджет,41,7.4,115.0,Медицина,"г. Шатура, алл. Радужная, д. 47 стр. 5/1, 704489",+7 (703) 669-43-30
Морозова Агата Ивановна,2024,Платная,62,6.6,128.0,Экономика,"с. Нурлат, пр. Геологов, д. 47 к. 69, 602907",+7 531 021 9710
Иванова Лора Антоновна,2025,Платная,56,8.0,136.0,Медицина,"п. Одинцово, ш. Песчаное, д. 2/3 к. 2, 634144",8 326 177 2431
Мартьян Федосьевич Петухов,2021,Целевая,57,8.6,143.0,Журналистика,"с. Оса, алл. Поперечная, д. 2 к. 835, 776952",8 629 430 40 44
Шилова Евфросиния Леонидовна,2024,Платная,78,6.9,147.0,Дизайн,"клх Алагир, пер. Жданова, д. 4 к. 1/5, 824182",8 (323) 812-19-74
Горбачева Нонна Егоровна,2022,Платная,63,7.0,133.0,Лингвистика,"д. Калининград, наб. Металлистов, д. 496 стр. 688, 498550",+7 685 556 28 24
Дементий Аксёнович Гуляев,2021,Бюджет,49,8.2,131.0,Лингвистика,"клх Поярково, пр. Дружбы, д. 1/9, 982318",+7 (194) 062-87-03
Пономарева Дарья Дмитриевна,2023,Платная,49,6.8,117.0,Строительство,"с. Алексин, ул. Красина, д. 1/8 стр. 40, 554396",89867174948
Яковлева Пелагея Леонидовна,2024,Бюджет,29,9.0,119.0,Юриспруденция,"клх Бронницы, алл. Микрорайон, д. 4/4, 221805",88977089937
Фрол Фадеевич Тетерин,2023,Бюджет,55,6.9,124.0,Дизайн,"с. Морозовск, наб. Клары Цеткин, д. 116, 411307",89303119063
Волков Валерьян Федосеевич,2022,Целевая,48,8.2,130.0,Строительство,"п. Горячинск, бул. Хуторской, д. 7 стр. 162, 875157",89528810255
Мельников Остап Фокич,2023,Бюджет,31,7.7,108.0,Лингвистика,"с. Ханты-Мансийск, пер. Песчаный, д. 7, 376093",+7 (213) 265-70-63
Муравьева Оксана Анатольевна,2025,Платная,58,6.6,124.0,Журналистика,"клх Горячий Ключ, пр. Пожарского, д. 6/6, 740649",8 102 853 16 96
Волков Харлампий Васильевич,2021,Бюджет,61,8.0,141.0,Дизайн,"клх Лесной (Сверд.), наб. Чайковского, д. 3 стр. 330, 256593",+7 874 925 22 27
Антонов Филарет Феодосьевич,2021,Бюджет,47,9.1,138.0,Журналистика,"п. Арзамас, пер. Уральский, д. 994, 965960",+7 105 007 31 78
Трофимова Феврония Романовна,2025,Платная,53,7.6,129.0,Строительство,"с. Рославль, бул. Школьный, д. 18, 886152",+78657201581
Чернова Таисия Богдановна,2022,Бюджет,78,7.5,153.0,Лингвистика,"п. Цимлянск, пр. Мирный, д. 92 к. 1, 456922",+74341398251
Гусев Симон Фомич,2025,Целевая,54,6.7,121.0,Юриспруденция,"д. Каргополь, алл. Фрунзе, д. 362 к. 8/9, 818896",+7 (520) 905-4788
Зинаида Оскаровна Самойлова,2025,Целевая,54,5.8,112.0,Дизайн,"с. Каменск-Шахтинский, алл. Карла Маркса, д. 2 к. 7, 868753",8 (920) 198-03-95
Светлана Львовна Рыбакова,2022,Целевая,38,7.3,111.0,Экономика,"п. Усолье Сибирское, ш. Геологическое, д. 7/4 стр. 8, 636552",80551827208
Крюкова Варвара Романовна,2022,Бюджет,36,6.5,101.0,Психология,"г. Белогорск (Амур.), ул. Мельничная, д. 3/2 к. 2/7, 645445",84397234291
Бобров Владлен Эдуардович,2021,Бюджет,70,5.4,124.0,Психология,"д. Неплюевка, бул. Радищева, д. 91 стр. 9/4, 809562",8 (938) 628-4091
Эммануил Федосьевич Зимин,2023,Целевая,61,8.3,144.0,Психология,"к. Зеленоград, пр. Астраханский, д. 6 стр. 49, 382391",+7 362 379 1520
Самуил Антипович Пономарев,2021,Целевая,28,9.5,123.0,Медицина,"п. Славянск-на-Кубани, ул. Калинина, д. 59 стр. 27, 457128",8 527 550 3939
Милан Витальевич Матвеев,2023,Платная,65,6.9,134.0,Строительство,"клх Забайкальск, бул. Театральный, д. 9 стр. 852, 158059",+7 231 530 97 82
Воронова Кира Тимофеевна,2021,Целевая,37,7.8,115.0,Дизайн,"п. Нарткала, ул. Проезжая, д. 4/1, 230053",8 (466) 222-81-88
Юлия Львовна Калинина,2023,Бюджет,41,6.5,106.0,Менеджмент,"ст. Россошь, наб. Набережная, д. 73, 476214",8 (387) 996-4433
Синклитикия Владимировна Анисимова,2024,Платная,55,7.6,131.0,Информатика и вычислительная техника,"ст. Камышин, ш. Интернациональное, д. 7/6, 871675",8 491 541 01 93
Харлампий Исидорович Алексеев,2021,Платная,52,7.8,130.0,Юриспруденция,"г. Шумиха, пр. Шаумяна, д. 4/9 к. 90, 168236",+7 503 444 7500
Нифонт Афанасьевич Игнатов,2022,Целевая,58,8.4,142.0,Юриспруденция,"ст. Лазаревское, ул. Производственная, д. 146 стр. 307, 917214",8 280 788 7710
Максимова Иванна Эдуардовна,2021,Целевая,87,7.0,157.0,Лингвистика,"с. Черняховск, ул. Розы Люксембург, д. 59 стр. 381, 405959",8 172 302 8237
Потапов Лаврентий Германович,2021,Платная,42,7.1,113.0,Медицина,"с. Середниково, пр. Казанский, д. 8/1 стр. 422, 792139",8 (609) 065-0434
Гущина Галина Вячеславовна,2024,Платная,32,9.4,126.0,Лингвистика,"п. Гагарин, наб. Запорожская, д. 7 стр. 449, 736255",8 (653) 334-11-72
Зайцева Евдокия Георгиевна,2021,Целевая,39,8.7,126.0,Юриспруденция,"клх Алагир, ш. Горняцкое, д. 252 стр. 2, 941239",8 750 031 50 99
Творимир Викентьевич Захаров,2024,Бюджет,82,6.2,144.0,Менеджмент,"д. Кежма, ш. Красноармейское, д. 42 к. 2, 492759",+7 316 347 90 91
Лукия Юльевна Цветкова,2021,Бюджет,30,7.5,105.0,Информатика и вычислительная техника,"ст. Екатеринбург, бул. Максима Горького, д. 4, 764222",8 (585) 128-48-45
Коновалова Евгения Болеславовна,2022,Бюджет,43,6.2,105.0,Экономика,"с. Тюмень, бул. Нижний, д. 5/2 стр. 6/1, 296467",8 368 085 7690
Всеслав Адрианович Марков,2024,Бюджет,26,8.4,110.0,Юриспруденция,"ст. Анапа, бул. Станиславского, д. 1/9 стр. 5, 336957",+7 709 554 5299
Дарья Александровна Тетерина,2022,Целевая,35,6.4,99.0,Психология,"п. Томск, пер. Крупской, д. 896, 292528",+7 (416) 680-5626
Назаров Карп Ильясович,2025,Бюджет,55,9.9,154.0,Экономика,"г. Тотьма, пер. Дзержинского, д. 8/2 стр. 191, 451676",8 (531) 173-81-44
Демид Валентинович Кулагин,2024,Целевая,53,7.7,130.0,Психология,"клх Малгобек, наб. Просвещения, д. 2/5 стр. 333, 262984",8 671 810 43 95
Мария Михайловна Котова,2024,Целевая,67,8.4,151.0,Медицина,"клх Кабанск, ш. Мелиораторов, д. 56 к. 73, 465256",+7 734 137 1039
Раиса Ивановна Дементьева,2025,Целевая,49,6.9,118.0,Строительство,"клх Жиганск, пер. Стадионный, д. 25 стр. 414, 644164",+7 071 487 8359
Андроник Германович Кузнецов,2023,Платная,59,7.6,135.0,Менеджмент,"ст. Игнашино, пер. Бажова, д. 79 стр. 4/3, 517098",+7 (270) 071-2418
Синклитикия Аскольдовна Белоусова,2025,Целевая,35,6.9,104.0,Журналистика,"д. Нарткала, бул. Ставропольский, д. 535, 966129",+7 874 292 48 92
Лонгин Иларионович Яковлев,2024,Бюджет,57,6.5,122.0,Менеджмент,"ст. Курильск, алл. Специалистов, д. 5, 763315",+7 (330) 861-3327
Воронцов Иннокентий Анатольевич,2023,Целевая,76,7.2,148.0,Информатика и вычислительная техника,"д. Верхотурье, алл. Кирпичная, д. 3, 172178",+72636934225
Лариса Павловна Ермакова,2024,Платная,58,7.1,129.0,Журналистика,"к. Новгород Великий, пер. Брянский, д. 315 стр. 91, 145941",8 582 115 4937
Ульяна Афанасьевна Новикова,2024,Платная,42,8.9,131.0,Журналистика,"ст. Октябрьский (Башк.), наб. Заводская, д. 4 к. 440, 499678",+7 747 042 75 81
Ферапонт Виленович Макаров,2023,Целевая,72,7.4,146.0,Информатика и вычислительная техника,"г. Чита, ул. Таежная, д. 2 стр. 7/1, 950491",+7 424 027 0665
Бажен Артемьевич Быков,2021,Платная,43,6.8,111.0,Экономика,"ст. Тихвин, пер. Правды, д. 2/3 к. 128, 739481",+7 747 106 0230
Фролова Анжела Робертовна,2024,Целевая,64,8.0,144.0,Журналистика,"клх Лотошино, ул. Надежды, д. 24 стр. 960, 179030",+7 (975) 320-2168
Ананий Харлампьевич Николаев,2025,Целевая,64,7.3,137.0,Юриспруденция,"с. Тутончаны, наб. Элеваторная, д. 2/7, 411691",+7 (521) 862-71-34
Бурова Алла Аскольдовна,2021,Целевая,49,7.7,126.0,Медицина,"к. Энгельс, пр. Суворова, д. 684 стр. 6/8, 733356",+72528663347
Октябрина Михайловна Андреева,2023,Целевая,29,5.8,87.0,Юриспруденция,"клх Армавир, ул. Коллективная, д. 72 стр. 763, 480049",8 030 486 7114
Сидорова Алина Оскаровна,2023,Платная,51,7.3,124.0,Дизайн,"г. Палана, бул. Калужский, д. 871, 179256",8 (914) 223-99-58
Панов Никанор Эдгарович,2021,Целевая,24,9.5,119.0,Медицина,"ст. Иркутск, пер. Зеленый, д. 8, 236161",+7 154 122 3601
Онуфрий Тарасович Волков,2021,Целевая,66,7.0,136.0,Журналистика,"к. Старый Оскол, пер. Азина, д. 602 стр. 3/1, 361497",8 466 968 23 60
Авдей Бенедиктович Владимиров,2022,Платная,28,7.6,104.0,Экономика,"клх Мурманск, наб. Войкова, д. 1 к. 7/2, 710500",8 (985) 251-17-69
Кабанова Ксения Артемовна,2022,Платная,63,7.5,138.0,Менеджмент,"д. Гусь-Хрустальный, бул. Хвойный, д. 97 к. 41, 695017",+7 444 029 9678
Горшков Павел Гурьевич,2025,Платная,33,8.5,118.0,Лингвистика,"к. Ревда (Сверд.), алл. Флотская, д. 5, 545154",+70171237867
Егоров Фадей Матвеевич,2024,Целевая,49,6.6,115.0,Медицина,"к. Дагомыс, ул. Ивановская, д. 5/8 к. 1, 571105",8 403 682 19 97
Суханова Ксения Натановна,2024,Платная,65,7.3,138.0,Журналистика,"к. Верхний Уфалей, бул. Ленинградский, д. 36 стр. 25, 721987",+7 134 661 4081
Дементий Адамович Власов,2023,Платная,49,7.8,127.0,Психология,"с. Улан-Удэ, ул. Юности, д. 7/6 стр. 9/9, 953924",84269733479
Лидия Григорьевна Афанасьева,2023,Целевая,17,8.9,106.0,Журналистика,"д. Казань, пер. Больничный, д. 4/8, 961364",8 521 180 19 25
Никон Владиленович Ситников,2024,Платная,61,6.7,128.0,Лингвистика,"п. Солнечногорск, ш. Рязанское, д. 569 стр. 806, 227816",8 (372) 382-9223
Пестов Самуил Артёмович,2025,Платная,43,8.4,127.0,Психология,"к. Агата, пр. 70 лет Октября, д. 95, 838278",+7 (997) 788-58-42
Глеб Эдуардович Некрасов,2022,Платная,55,6.7,122.0,Информатика и вычислительная техника,"ст. Калуга, пер. Коммунистический, д. 4/9 стр. 39, 235055",8 (408) 279-99-55
Вероника Рудольфовна Носова,2025,Бюджет,62,7.9,141.0,Информатика и вычислительная техника,"г. Шелагонцы, пер. 60 лет Октября, д. 573, 528898",8 (917) 685-4550
Антонина Ниловна Игнатова,2021,Бюджет,57,5.1,108.0,Дизайн,"к. Артем, ш. Чкалова, д. 5 к. 144, 847541",8 086 055 58 45
Эмилия Эльдаровна Попова,2024,Платная,66,9.6,162.0,Медицина,"ст. Аршан (Бурят.), бул. 30 лет Победы, д. 711, 951860",80903438545
Яковлева Регина Олеговна,2025,Бюджет,32,7.0,102.0,Медицина,"с. Петрозаводск, пр. Проточный, д. 1/5, 652861",+7 283 365 3249
Майя Викторовна Агафонова,2025,Целевая,75,7.7,152.0,Менеджмент,"с. Вязьма, пр. Тукая, д. 70 к. 41, 097220",+7 470 817 56 56
Виталий Фролович Агафонов,2024,Платная,41,7.0,111.0,Дизайн,"клх Бузулук, пер. Байкальский, д. 718, 506168",8 380 979 4205
Евдокимова Регина Афанасьевна,2023,Целевая,63,8.2,145.0,Медицина,"п. Яшкуль, наб. Больничная, д. 88 стр. 7/3, 287284",+7 217 839 5311
Ратибор Феликсович Брагин,2023,Бюджет,62,9.2,154.0,Журналистика,"к. Черусти, ш. Тепличное, д. 174 к. 168, 270663",87366294999
Святослав Архипович Князев,2025,Целевая,35,8.1,116.0,Журналистика,"к. Данков, пр. Широкий, д. 203 стр. 298, 632093",+7 406 409 69 51
Тамара Павловна Селиверстова,2023,Бюджет,54,7.1,125.0,Информатика и вычислительная техника,"п. Нижний Тагил, ул. Карла Либкнехта, д. 42, 308749",8 096 972 8760
Ангелина Даниловна Щербакова,2021,Платная,51,6.7,118.0,Юриспруденция,"г. Тверь, пр. З.Космодемьянской, д. 349 стр. 884, 376638",8 287 638 9901
Князев Александр Тихонович,2021,Целевая,60,7.6,136.0,Информатика и вычислительная техника,"п. Североморск, бул. Пирогова, д. 174 к. 978, 362571",8 764 300 38 83
Фортунат Владленович Михеев,2025,Бюджет,66,7.1,137.0,Строительство,"с. Чусовой, алл. Пролетарская, д. 177, 888837",8 (396) 585-5495
Феоктист Ерофеевич Романов,2025,Целевая,48,7.3,121.0,Экономика,"д. Казань, алл. Чкалова, д. 42, 840266",+7 267 648 1226
Богданова Елена Михайловна,2023,Целевая,56,7.1,127.0,Строительство,"д. Объячево, наб. Труда, д. 99 стр. 998, 057998",8 (927) 501-34-61
Фокина Раиса Ильинична,2022,Платная,65,5.7,122.0,Строительство,"г. Луховицы, пр. Николаева, д. 6/9 к. 40, 282734",8 (544) 726-3803
Муравьева Нонна Аскольдовна,2021,Бюджет,47,7.9,126.0,Психология,"ст. Лянтор, бул. Мирный, д. 9/3 стр. 6, 431453",86989588818
Милен Эдгарович Борисов,2025,Платная,50,6.4,114.0,Медицина,"д. Шадринск, бул. Щетинкина, д. 1/9 к. 1/3, 050173",8 750 675 43 72
Игнатьев Георгий Теймуразович,2024,Платная,69,8.6,155.0,Строительство,"клх Гремячинск (Бурят.), ул. Краснодарская, д. 4 к. 221, 004485",86958964029
г-жа Зиновьева Эмилия Васильевна,2022,Бюджет,62,9.1,153.0,Менеджмент,"клх Бугуруслан, пр. Толстого, д. 179 стр. 1/4, 476080",8 801 137 66 27
Осип Валерьянович Зуев,2021,Целевая,79,7.0,149.0,Строительство,"ст. Троицко-Печорск, наб. Садовая, д. 6/3, 425049",+7 (836) 873-95-88
Мирон Богданович Бобылев,2021,Платная,77,9.1,168.0,Психология,"к. Кош-Агач, ул. Целинная, д. 37 к. 197, 472653",8 675 085 5482
Милен Владиленович Шубин,2021,Бюджет,68,5.6,124.0,Экономика,"с. Макушино, ш. Приморское, д. 9, 559887",+7 244 995 93 90
Ширяева Анна Даниловна,2024,Целевая,54,7.7,131.0,Экономика,"к. Рыбинск, наб. Васильковая, д. 54, 775973",+75523554069
Котова Глафира Ильинична,2023,Платная,52,6.6,118.0,Информатика и вычислительная техника,"к. Черняховск, наб. Маркса, д. 2, 672882",89549464395
Никифор Тимурович Поляков,2024,Целевая,33,6.6,99.0,Экономика,"ст. Верхний Уфалей, пер. Лесный, д. 82, 576348",+7 508 486 59 97
Шарапов Силантий Эдгардович,2024,Платная,31,7.8,109.0,Медицина,"д. Новокузнецк, бул. Запрудный, д. 156, 890094",+7 (931) 652-8191
Силин Гремислав Валерианович,2024,Целевая,89,7.5,164.0,Информатика и вычислительная техника,"д. Тавда, пер. Хуторской, д. 9/4 стр. 8, 191978",8 166 018 06 75
Мир Богданович Кузьмин,2024,Платная,83,6.1,144.0,Медицина,"клх Салехард, наб. Красноярская, д. 4 к. 254, 218237",+7 (971) 579-3210
Василиса Юльевна Зуева,2025,Платная,36,7.4,110.0,Медицина,"ст. Темрюк, пр. Главный, д. 9/6, 118702",+7 443 940 85 80
Антип Егорович Аксенов,2024,Целевая,46,7.6,122.0,Экономика,"п. Ханты-Мансийск, ш. Щорса, д. 6 к. 5/7, 952966",+77363832700
Большакова Милица Егоровна,2024,Целевая,64,7.9,143.0,Лингвистика,"с. Соловки, пер. Красногвардейский, д. 61 к. 247, 881589",8 (650) 475-6832
Виссарион Филатович Котов,2024,Платная,58,6.6,124.0,Информатика и вычислительная техника,"п. Дербент, алл. Союзная, д. 8, 425145",8 (960) 547-8502
Шубин Тарас Ефимьевич,2025,Целевая,27,6.3,90.0,Лингвистика,"к. Двинской, алл. Станционная, д. 2 к. 900, 125143",8 863 973 8453
Фома Филимонович Ситников,2025,Целевая,59,8.9,148.0,Дизайн,"клх Дагомыс, наб. Братская, д. 68, 256760",8 (022) 357-8765
Устинов Терентий Даниилович,2022,Целевая,60,6.8,128.0,Медицина,"к. Вытегра, наб. Павлова, д. 435 к. 3, 144210",8 (248) 841-5937
Алевтина Антоновна Филиппова,2022,Бюджет,46,8.4,130.0,Лингвистика,"с. Челюскин, алл. Баумана, д. 241 к. 7, 353421",+7 (609) 945-4424
Колесников Гедеон Всеволодович,2024,Платная,71,8.3,154.0,Информатика и вычислительная техника,"д. Суздаль, пер. Иркутский, д. 26 к. 9/6, 553323",+72788264070
Марфа Тарасовна Турова,2024,Бюджет,68,5.7,125.0,Дизайн,"к. Игарка, бул. Сенной, д. 4 стр. 6/6, 792432",89959295597
Фёкла Богдановна Горшкова,2021,Бюджет,61,5.9,120.0,Информатика и вычислительная техника,"клх Мирный, алл. Л.Толстого, д. 5, 549276",8 428 863 65 09
Ефрем Аксёнович Ефимов,2025,Целевая,48,7.4,122.0,Журналистика,"клх Верхотурье, пр. Вокзальный, д. 2/5 стр. 835, 498952",82163819784
Любовь Руслановна Гущина,2023,Бюджет,50,7.4,124.0,Журналистика,"клх Тольятти, пер. Железнодорожный, д. 9/3 к. 402, 112819",8 (472) 173-8613
Радим Ааронович Морозов,2023,Бюджет,59,6.9,128.0,Дизайн,"д. Шенкурск, наб. Попова, д. 75 стр. 17, 586147",84758170763
Кулакова Екатерина Робертовна,2025,Бюджет,37,6.2,99.0,Менеджмент,"ст. Сортавала, ш. Горняцкое, д. 77, 055853",8 113 420 49 67
Элеонора Васильевна Павлова,2024,Бюджет,56,7.3,129.0,Дизайн,"с. Ребриха, ш. Никитина, д. 6/7, 128854",+7 790 952 3205
Фомичева Галина Георгиевна,2022,Бюджет,45,7.0,115.0,Психология,"к. Жигулевск, ш. Рылеева, д. 47 к. 6/3, 720310",8 756 101 77 93
Титова Евпраксия Рудольфовна,2021,Бюджет,42,7.6,118.0,Юриспруденция,"п. Великий Устюг, пер. Строителей, д. 8/7 стр. 244, 384642",8 173 515 7250
Романов Евлампий Харламович,2025,Платная,60,7.9,139.0,Дизайн,"ст. Ростов-на-Дону, алл. Коммунистическая, д. 3 к. 9/1, 751224",8 613 743 26 70
Гурьева Ксения Павловна,2023,Платная,71,6.1,132.0,Экономика,"с. Нижневартовск, пр. Клары Цеткин, д. 9/5 стр. 5, 500118",+7 095 115 3127
Дарья Филипповна Родионова,2024,Бюджет,61,8.4,145.0,Экономика,"к. Льгов, ул. Грибоедова, д. 105 стр. 3/4, 993917",+79254926029
Варвара Кирилловна Федотова,2021,Целевая,48,7.2,120.0,Медицина,"ст. Вязьма, пер. Буденного, д. 70 к. 88, 310123",+7 804 298 88 55
Зуева Юлия Тимуровна,2023,Бюджет,50,7.8,128.0,Строительство,"к. Пинега, ш. Ермака, д. 48, 789044",81248921173
Тимофей Егорович Гордеев,2022,Платная,27,7.1,98.0,Экономика,"д. Льгов, бул. Дзержинского, д. 4/6 к. 129, 968920",8 (179) 228-9066
Дроздов Мефодий Феофанович,2022,Бюджет,35,8.4,119.0,Психология,"клх Далматово, пр. Главный, д. 595 к. 570, 623597",+7 174 480 00 75
Оксана Евгеньевна Блохина,2024,Целевая,47,7.4,121.0,Строительство,"клх Норильск, ш. Индустриальное, д. 898, 922266",8 979 311 56 48
Евдоким Игнатович Доронин,2023,Платная,54,5.9,113.0,Журналистика,"ст. Великие Луки, пер. Береговой, д. 7 стр. 1/7, 098615",89928608147
Щукин Корнил Афанасьевич,2024,Целевая,41,8.5,126.0,Экономика,"п. Яшкуль, ул. Сибирская, д. 8 к. 6, 043876",8 (131) 748-88-18
Семенова Алина Кузьминична,2025,Бюджет,83,9.6,179.0,Журналистика,"к. Камышин, бул. Авиационный, д. 3/9, 895830",+7 (974) 092-5596
Мясников Стоян Феоктистович,2024,Бюджет,43,8.3,126.0,Лингвистика,"ст. Курск, алл. Минина, д. 811 к. 54, 851823",8 264 496 11 96
Епифан Димитриевич Исаков,2024,Платная,83,8.4,167.0,Менеджмент,"д. Петухово, пер. 9 мая, д. 5/6 стр. 1, 139684",+7 (132) 372-7636
Муравьева Лукия Олеговна,2023,Целевая,55,6.5,120.0,Дизайн,"к. Пенза, бул. Революционный, д. 88 стр. 714, 801350",+7 (432) 988-21-69
Елисеев Ярослав Эдгарович,2024,Целевая,53,7.7,130.0,Менеджмент,"к. Пенза, ш. Ермака, д. 8 к. 987, 486733",8 833 769 65 38
Анжелика Никифоровна Кулакова,2023,Бюджет,63,8.4,147.0,Дизайн,"г. Лабинск, пр. Крылова, д. 32, 796421",+7 276 412 9493
Кузнецова Мария Евгеньевна,2022,Платная,59,7.9,138.0,Информатика и вычислительная техника,"д. Алагир, бул. Медицинский, д. 7/3, 125269",+7 596 957 64 31
Федор Устинович Кулаков,2025,Бюджет,36,7.7,113.0,Менеджмент,"п. Ревда (Сверд.), наб. Мира, д. 38 к. 618, 984705",8 542 133 6181
Марфа Ждановна Кононова,2021,Бюджет,43,8.0,123.0,Психология,"клх Карабулак, пер. Глинки, д. 2/4, 936487",84787216103
Филатов Самсон Иосипович,2025,Целевая,93,6.2,155.0,Лингвистика,"ст. Мончегорск, пер. Бригадный, д. 5/7 стр. 73, 214887",8 (754) 073-5592
Андроник Устинович Петухов,2024,Целевая,53,6.5,118.0,Журналистика,"г. Северобайкальск, ш. Вавилова, д. 49 к. 6, 045287",+7 269 639 1983
Игнатий Игнатьевич Быков,2025,Целевая,45,6.8,113.0,Лингвистика,"п. Невельск, бул. Трактовый, д. 661 к. 4, 974441",8 961 230 4091
Калашников Кондратий Абрамович,2022,Целевая,57,8.9,146.0,Психология,"клх Саянск, пр. Куйбышева, д. 7/5 стр. 5/2, 206282",+7 961 779 4567
Воронов Якуб Иосипович,2021,Платная,32,7.4,106.0,Строительство,"с. Петрозаводск, наб. Чайковского, д. 9 стр. 950, 521218",86760646113
Юлия Леонидовна Крылова,2021,Платная,72,9.6,168.0,Информатика и вычислительная техника,"ст. Москва, ш. Профсоюзное, д. 987 к. 8/4, 684016",+7 996 416 83 49
Панкрат Григорьевич Кузнецов,2022,Платная,47,7.0,117.0,Дизайн,"к. Бомнак, наб. Петровская, д. 3 стр. 2/8, 359268",8 767 121 65 93
Соболев Натан Гордеевич,2024,Платная,49,7.0,119.0,Менеджмент,"г. Шилка, пер. Новгородский, д. 8 к. 177, 011076",+7 (170) 485-62-98
Смирнова Фаина Никифоровна,2023,Целевая,91,7.0,161.0,Строительство,"п. Соловки, ш. Восьмого Марта, д. 333, 223429",+7 (928) 553-77-73
Фомина Валентина Ефимовна,2024,Целевая,67,8.2,149.0,Журналистика,"п. Льгов, алл. Боровая, д. 4/4 стр. 1/3, 220743",8 (157) 444-93-61
Афанасьева Анжелика Ивановна,2024,Целевая,67,9.0,157.0,Психология,"г. Серпухов, алл. Береговая, д. 34, 763104",8 (888) 154-31-16
Карпова Мария Эдуардовна,2025,Целевая,53,5.7,110.0,Информатика и вычислительная техника,"ст. Токма, ш. Авиационное, д. 44 к. 1, 958324",+72417745063
Бурова Зинаида Валериевна,2022,Платная,50,7.4,124.0,Информатика и вычислительная техника,"к. Агата, ш. Ленское, д. 9/1, 057911",+7 (782) 650-06-18
Ангелина Геннадиевна Владимирова,2021,Бюджет,89,7.2,161.0,Дизайн,"с. Черемхово, наб. Красная, д. 875, 049302",8 (940) 708-06-49
Горбунова Регина Петровна,2022,Целевая,53,7.2,125.0,Строительство,"д. Далматово, ул. Красина, д. 4/9, 844844",83202157964
Вячеслав Марсович Евдокимов,2024,Бюджет,44,7.4,118.0,Психология,"с. Кабанск, бул. Озерный, д. 3, 594456",+7 883 534 76 62
Зиновий Гурьевич Лихачев,2022,Платная,49,7.6,125.0,Строительство,"д. Архыз, ул. Журавлева, д. 91, 567816",+73441408607
Тихонова Елизавета Вячеславовна,2025,Целевая,68,7.8,146.0,Менеджмент,"д. Новомичуринск, пер. Кузнечный, д. 962 к. 6/3, 063443",87396545455
Богданова Иванна Григорьевна,2023,Платная,82,6.5,147.0,Экономика,"ст. Городовиковск, алл. К.Маркса, д. 2/6 к. 6, 573091",8 (032) 007-0910
Горшкова Акулина Болеславовна,2023,Целевая,37,7.0,107.0,Экономика,"с. Красноярск, наб. Депутатская, д. 6/1 к. 895, 332360",+7 (450) 886-3838
Моисеев Ерофей Валерьянович,2021,Бюджет,47,9.3,140.0,Информатика и вычислительная техника,"ст. Юрюзань, ш. Привольное, д. 5 к. 648, 585559",+7 (137) 005-33-89
Сократ Чеславович Марков,2022,Бюджет,50,6.2,112.0,Дизайн,"г. Ивдель, бул. Тополиный, д. 5 к. 14, 120285",+70486583034
Симонов Антонин Андреевич,2023,Бюджет,43,6.1,104.0,Медицина,"к. Тотьма, пр. Зеленый, д. 921 стр. 7, 592168",+7 (800) 243-5195
Святополк Викентьевич Кузьмин,2025,Платная,39,8.2,121.0,Менеджмент,"г. Сосьва (Хант.), пр. Шмидта, д. 45 стр. 90, 257914",8 904 789 08 12
Гаврила Марсович Шубин,2025,Бюджет,72,8.9,161.0,Экономика,"ст. Красноуральск, бул. Щербакова, д. 3/8, 825533",8 573 412 48 35
Фомин Герасим Яковлевич,2024,Целевая,78,7.3,151.0,Журналистика,"д. Териберка, пер. Кирова, д. 242 стр. 4/2, 819991",+73620194978
Федотова Маргарита Макаровна,2021,Бюджет,44,7.7,121.0,Лингвистика,"г. Елец, пр. Макаренко, д. 30 к. 130, 532094",8 380 324 72 31
Вероника Даниловна Селезнева,2024,Платная,27,6.0,87.0,Лингвистика,"г. Беломорск, наб. Ростовская, д. 4/4 к. 8/3, 389797",8 (325) 259-7505
Попова Кира Ниловна,2025,Целевая,50,6.5,115.0,Менеджмент,"п. Псков, алл. Первомайская, д. 9, 483476",+7 342 587 75 54
Наумова Лора Александровна,2024,Платная,73,7.6,149.0,Психология,"г. Озеры, алл. Речная, д. 7 к. 7, 637157",+70695568137
Кудряшов Евлампий Иларионович,2025,Бюджет,74,9.5,169.0,Строительство,"с. Челюскин, пр. Дальневосточный, д. 8 стр. 45, 653824",8 (308) 408-0874
Евфросиния Наумовна Гурьева,2025,Бюджет,43,8.7,130.0,Дизайн,"к. Тимашевск, пр. Владимирский, д. 1/9 стр. 724, 937499",89096102050
Горбунова Агата Алексеевна,2022,Платная,60,6.6,126.0,Медицина,"с. Ейск, бул. Шолохова, д. 3 стр. 1/3, 851608",8 427 245 3840
Калинин Орест Фадеевич,2021,Целевая,46,6.7,113.0,Психология,"ст. Кажим, наб. Большевистская, д. 6/4 стр. 4, 786478",+7 (867) 713-40-50
Ефимова Эмилия Феликсовна,2023,Бюджет,55,7.4,129.0,Строительство,"п. Волгодонск, бул. Ленинский, д. 2 стр. 3, 839637",8 799 555 1887
Галкин Любомир Бориславович,2025,Целевая,60,6.3,123.0,Дизайн,"клх Канск, наб. Брянская, д. 28 к. 357, 730804",8 725 458 31 07
Нестерова Таисия Юрьевна,2023,Платная,48,8.6,134.0,Дизайн,"г. Тулпан, бул. Олимпийский, д. 39 к. 397, 481306",8 477 227 4370
Дарья Геннадиевна Колобова,2025,Платная,68,9.5,163.0,Психология,"клх Ревда (Сверд.), наб. Привокзальная, д. 2/9, 900534",8 (925) 104-1861
Журавлев Эраст Артёмович,2021,Целевая,54,8.0,134.0,Журналистика,"д. Черкесск, пер. Красина, д. 5/1 к. 82, 899408",8 (182) 729-09-03
Константин Денисович Князев,2021,Целевая,52,8.1,133.0,Юриспруденция,"г. Бугульма, ш. Победа, д. 9/8 стр. 460, 122422",+7 (304) 016-38-78
Егор Яковлевич Устинов,2024,Целевая,50,8.2,132.0,Психология,"п. Хасавюрт, алл. Мичурина, д. 3/3 стр. 633, 966853",8 (411) 382-3836
Панова София Богдановна,2024,Бюджет,60,6.6,126.0,Информатика и вычислительная техника,"д. Оса, ш. Космодемьянской, д. 982, 435376",8 (811) 410-7462
Василиса Кирилловна Павлова,2022,Бюджет,37,8.4,121.0,Информатика и вычислительная техника,"д. Троицко-Печорск, пр. Городской, д. 8/2 к. 5/7, 799136",8 (448) 594-22-72
Любомир Филиппович Козлов,2021,Платная,36,7.3,109.0,Экономика,"с. Архангельск, пер. Водников, д. 98 стр. 4/6, 761974",8 963 990 6457
Дарья Ниловна Николаева,2025,Бюджет,54,7.0,124.0,Строительство,"д. Одинцово, пер. Дзержинского, д. 520 стр. 5/8, 181971",+7 332 512 3816
Владимирова Оксана Геннадиевна,2023,Бюджет,48,8.9,137.0,Менеджмент,"с. Кулу, пер. Щорса, д. 2, 362972",+7 231 777 3138
Кир Валерианович Медведев,2025,Бюджет,20,7.8,98.0,Дизайн,"с. Усть-Ордынский, пер. Студенческий, д. 103 стр. 6/8, 163569",82940369226
Михаил Трифонович Сорокин,2022,Платная,48,9.6,144.0,Юриспруденция,"с. Кизляр, пер. Котовского, д. 3/6 к. 685, 950753",8 633 199 25 30
Варвара Болеславовна Прохорова,2021,Бюджет,69,8.1,150.0,Строительство,"г. Усть-Катав, пер. Павлика Морозова, д. 25 стр. 79, 682332",+7 793 866 39 71
Евдокия Семеновна Гордеева,2023,Целевая,68,7.3,141.0,Журналистика,"г. Мезень, пр. Ленинградский, д. 19, 822256",+78626382983
Кабанов Леонтий Валерианович,2021,Бюджет,50,6.2,112.0,Строительство,"д. Бавлы, ш. Поперечное, д. 6/3, 572052",+72171099507
Комиссаров Артем Устинович,2024,Целевая,65,6.3,128.0,Лингвистика,"клх Славгород, ш. Коллективное, д. 880, 332793",+7 (494) 557-1465
Панфил Харлампович Никифоров,2025,Бюджет,63,8.1,144.0,Строительство,"с. Углегорск, пер. Украинский, д. 772 стр. 483, 019979",+7 (740) 951-6600
Терентьев Любосмысл Жоресович,2023,Целевая,68,7.3,141.0,Информатика и вычислительная техника,"клх Онега, ул. Правды, д. 9/3, 491178",8 (876) 361-73-15
Комиссарова Марина Артемовна,2024,Целевая,47,7.2,119.0,Психология,"с. Ачхой Мартан, пер. Боровой, д. 90 стр. 206, 038110",8 (099) 512-6861
Регина Леоновна Федотова,2023,Целевая,58,7.0,128.0,Психология,"к. Шумиха, пер. Коллективный, д. 690 к. 449, 606657",8 098 403 67 89
Быкова Синклитикия Богдановна,2022,Целевая,57,7.9,136.0,Информатика и вычислительная техника,"г. Алагир, бул. З.Космодемьянской, д. 34, 646493",84909300156
Эмилия Кузьминична Овчинникова,2023,Платная,84,7.6,160.0,Юриспруденция,"г. Северо-Курильск, бул. Мичурина, д. 2 к. 9/3, 446216",80836662026
Варвара Степановна Селезнева,2023,Целевая,53,7.6,129.0,Лингвистика,"клх Верхний Тагил, ул. Славянская, д. 70, 350431",+7 163 505 03 27
Ираида Романовна Молчанова,2021,Платная,43,8.6,129.0,Медицина,"п. Сыктывкар, пер. Харьковский, д. 868 к. 8, 391650",+7 635 508 8578
Анжелика Ждановна Капустина,2024,Целевая,40,7.0,110.0,Лингвистика,"ст. Ирбит, алл. Олега Кошевого, д. 6/1, 638378",+7 062 247 7846
Фома Фёдорович Соколов,2022,Бюджет,60,7.6,136.0,Информатика и вычислительная техника,"ст. Вуктыл, ул. Запорожская, д. 841 стр. 8/8, 261599",+7 (618) 080-1799
Пахомов Николай Аксёнович,2021,Бюджет,58,7.1,129.0,Строительство,"д. Егорьевск, пер. Придорожный, д. 224 стр. 697, 014019",8 791 136 90 30
Зыков Рубен Валерьевич,2025,Бюджет,33,9.7,130.0,Менеджмент,"ст. Мичуринск, алл. Дружба, д. 907 к. 7, 761966",+7 784 909 6387
Назаров Софон Авдеевич,2022,Целевая,48,7.7,125.0,Медицина,"г. Вилюйск, пер. Ярославский, д. 9 стр. 1/1, 619686",+7 (556) 182-4973
Любим Теймуразович Белоусов,2024,Бюджет,58,7.0,128.0,Медицина,"п. Советский, ул. Тополиная, д. 1 стр. 3, 209322",+7 (923) 562-81-86
Ян Игоревич Носков,2025,Платная,47,6.3,110.0,Дизайн,"г. Каменск-Уральский, бул. Моховой, д. 57, 885925",+7 (813) 539-50-80
Кононов Фрол Адамович,2023,Бюджет,39,8.0,119.0,Медицина,"с. Шерегеш, алл. Черняховского, д. 1 стр. 96, 129102",+7 (214) 128-5663
Буров Никита Игнатьевич,2022,Бюджет,55,7.2,127.0,Юриспруденция,"клх Диксон, ш. Нефтяников, д. 9/6, 050351",8 (784) 164-4506
Сидорова Евпраксия Юрьевна,2023,Бюджет,43,8.0,123.0,Лингвистика,"с. Яр-Сале, алл. Гагарина, д. 33 стр. 8/9, 241683",8 (191) 960-55-85
Тихонов Аверьян Викентьевич,2025,Бюджет,53,8.5,138.0,Информатика и вычислительная техника,"ст. Ульяновск, ул. Сельская, д. 2 стр. 5/5, 975256",80962269093
Потапова Агата Ефимовна,2023,Бюджет,42,7.1,113.0,Экономика,"д. Кажим, пер. Горняцкий, д. 2/9, 262922",88889387165
Панова Анастасия Вадимовна,2023,Бюджет,60,8.2,142.0,Информатика и вычислительная техника,"с. Ишим, алл. Декабристов, д. 9/9, 115149",+7 (445) 124-82-11
Кошелев Ефрем Андреевич,2025,Целевая,74,8.1,155.0,Юриспруденция,"г. Чехов, алл. Космодемьянской, д. 31, 299907",84757037983
Андрон Изотович Силин,2022,Бюджет,37,7.7,114.0,Экономика,"клх Хабаровск, алл. Гафури, д. 9/6, 211323",82202988838
Калашников Ярополк Владиславович,2025,Целевая,77,6.6,143.0,Информатика и вычислительная техника,"г. Ухта, наб. Кооперативная, д. 8 к. 833, 279670",8 839 682 22 01
Быкова Василиса Тимуровна,2025,Бюджет,55,7.9,134.0,Журналистика,"клх Сочи, ул. Жданова, д. 31, 483012",+7 (732) 094-25-21
Егоров Федор Егорович,2023,Платная,36,7.5,111.0,Экономика,"д. Калач-на-Дону, наб. Пархоменко, д. 8 к. 7, 994022",+72869766373
Колобов Автоном Харламович,2024,Целевая,71,7.5,146.0,Медицина,"с. Арзамас, пер. Брянский, д. 5/3 к. 1/5, 103313",88677738101
г-н Уваров Елизар Дорофеевич,2021,Платная,19,7.6,95.0,Юриспруденция,"г. Бреды, ул. Театральная, д. 67, 275468",+7 583 514 9000
Фока Изотович Рогов,2021,Платная,66,8.2,148.0,Психология,"к. Кунгур, ул. Ореховая, д. 422, 170550",+7 628 445 60 47
Антонина Архиповна Потапова,2023,Целевая,61,6.0,121.0,Юриспруденция,"клх Юрьевец (Иван.), пер. Красных Партизан, д. 811 к. 364, 918922",8 366 599 61 76
Кириллова Тамара Петровна,2022,Бюджет,61,6.6,127.0,Юриспруденция,"д. Самара, алл. Радужная, д. 4, 010319",+7 (863) 074-4855
Жанна Вадимовна Артемьева,2025,Бюджет,53,8.3,136.0,Юриспруденция,"к. Усть-Ишим, бул. Стадионный, д. 5/8 стр. 98, 568348",+73535690633
Елисеева Галина Владимировна,2025,Бюджет,58,7.7,135.0,Строительство,"ст. Павловский Посад, пер. Вахитова, д. 8/5, 794750",+7 (086) 641-79-27
Лидия Геннадьевна Жданова,2024,Целевая,56,8.8,144.0,Дизайн,"ст. Морозовск, ул. Горная, д. 3 к. 4, 875209",+70013756619
Беспалова Лукия Матвеевна,2025,Целевая,59,6.8,127.0,Медицина,"к. Калач-на-Дону, пр. Брянский, д. 225 стр. 3/9, 507520",87664612941
Борисова Прасковья Александровна,2021,Бюджет,57,7.3,130.0,Журналистика,"ст. Байкальск, ул. Лазо, д. 1/2 стр. 9/1, 119958",+7 (933) 258-1529
тов. Козлова Клавдия Викторовна,2023,Платная,67,8.6,153.0,Строительство,"п. Абинск, наб. Февральская, д. 6 к. 21, 425707",+7 834 952 4963
Капустина Нинель Константиновна,2023,Платная,43,8.4,127.0,Дизайн,"д. Томари, бул. Клары Цеткин, д. 4/3 к. 48, 861048",+7 (312) 452-52-33
Станислав Ефимьевич Сергеев,2024,Бюджет,73,8.9,162.0,Лингвистика,"ст. Стрежевой, ул. Олега Кошевого, д. 8/4, 750358",8 473 818 1075
Дроздова Октябрина Петровна,2021,Бюджет,33,6.5,98.0,Медицина,"ст. Тура, пер. Больничный, д. 888 к. 905, 619170",+7 (137) 933-9631
Дроздов Митофан Харлампович,2022,Бюджет,35,7.2,107.0,Дизайн,"г. Смирных, пр. Крайний, д. 6/3 стр. 28, 264543",+71409251658
Панова Лора Яковлевна,2021,Целевая,54,8.2,136.0,Менеджмент,"д. Джубга, ул. Восьмого Марта, д. 8/9 к. 204, 086228",8 142 174 6918
Вадим Марсович Зимин,2022,Бюджет,28,6.4,92.0,Строительство,"д. Карпинск, пр. Космодемьянской, д. 574 стр. 63, 507594",+7 273 619 1801
Варвара Евгеньевна Михайлова,2023,Целевая,18,7.4,92.0,Информатика и вычислительная техника,"к. Алагир, бул. Красноярский, д. 7/9, 012459",+7 940 714 24 32
Миронова Вероника Станиславовна,2025,Бюджет,79,7.7,156.0,Журналистика,"ст. Елабуга, бул. Линейный, д. 6 стр. 6/1, 970328",+7 858 195 20 77
Рожков Тихон Харлампьевич,2022,Бюджет,63,7.0,133.0,Юриспруденция,"д. Каменномостский, наб. Павлика Морозова, д. 89 к. 5, 500609",8 (171) 996-9592
Бажен Иосифович Сидоров,2024,Целевая,60,8.0,140.0,Менеджмент,"к. Углегорск, ш. Красных Партизан, д. 597, 286093",+7 (257) 609-6221
Викентий Витальевич Рыбаков,2024,Платная,63,8.9,152.0,Экономика,"к. Подольск, ул. Городская, д. 3 к. 669, 103119",8 944 850 21 74
Журавлев Фома Игнатович,2021,Платная,50,8.6,136.0,Лингвистика,"п. Енисейск, ш. Боровое, д. 802, 548824",8 003 422 60 67
Милий Давыдович Дементьев,2023,Целевая,49,7.8,127.0,Экономика,"г. Клин, алл. Ленинградская, д. 41, 373669",84262021576
Терентьева Нонна Натановна,2023,Бюджет,71,5.8,129.0,Информатика и вычислительная техника,"клх Углич, пр. Свободы, д. 8, 526154",+7 (862) 083-38-54
Носова Антонина Эльдаровна,2024,Платная,66,7.5,141.0,Менеджмент,"клх Зарайск, алл. Матросова, д. 85 к. 3, 963778",+77178964725
Радован Гертрудович Федотов,2024,Платная,47,7.4,121.0,Информатика и вычислительная техника,"клх Киржач, пр. Вольный, д. 984 к. 8/6, 542981",84707022490
Татьяна Архиповна Князева,2023,Бюджет,50,6.7,117.0,Экономика,"ст. Кош-Агач, пр. Индустриальный, д. 5 стр. 2/7, 310607",+7 559 611 89 17
Гурий Иосифович Сысоев,2023,Бюджет,86,8.5,171.0,Психология,"д. Объячево, пр. Жукова, д. 4/8 к. 3, 954595",+7 (761) 221-93-87
Савва Евстигнеевич Иванов,2023,Платная,49,8.0,129.0,Лингвистика,"г. Грозный, наб. Казачья, д. 240, 734304",8 (237) 912-6174
Коновалов Вышеслав Алексеевич,2023,Бюджет,43,8.0,123.0,Информатика и вычислительная техника,"д. Курчатов, алл. Авиационная, д. 721 стр. 502, 351225",8 722 924 92 06
Агата Архиповна Сергеева,2022,Целевая,58,7.7,135.0,Лингвистика,"клх Минусинск, пр. Алтайский, д. 253, 072604",+7 (176) 202-7319
Никифоров Юлиан Антонович,2022,Платная,46,7.4,120.0,Менеджмент,"ст. Ялуторовск, ш. Логовое, д. 494 стр. 174, 287367",+7 942 992 2089
Еремей Александрович Рябов,2022,Бюджет,65,6.9,134.0,Юриспруденция,"д. Терней, ш. Халтурина, д. 1 стр. 85, 722500",+7 (873) 011-5617
Маркова Лукия Вениаминовна,2022,Платная,63,8.8,151.0,Юриспруденция,"к. Семлячики, бул. Зеленый, д. 8 стр. 249, 946457",81258163714
Ираида Викторовна Овчинникова,2025,Бюджет,74,6.6,140.0,Строительство,"к. Красноярск, наб. Волжская, д. 2, 738874",8 (777) 720-9553
Татьяна Робертовна Зиновьева,2022,Целевая,32,7.8,110.0,Журналистика,"ст. Усть-Катав, ул. Прудовая, д. 41 к. 24, 983149",8 (392) 791-6251
Устин Анисимович Николаев,2023,Целевая,36,8.5,121.0,Дизайн,"ст. Тотьма, пр. Репина, д. 7, 569451",+7 663 115 44 35
Тимофеева Ульяна Вадимовна,2024,Целевая,67,8.5,152.0,Строительство,"п. Волгодонск, пр. Кубанский, д. 77 к. 683, 939721",8 102 410 16 92
Некрасов Конон Игнатьевич,2024,Бюджет,50,7.1,121.0,Менеджмент,"с. Нижнеудинск, наб. Троицкая, д. 8, 954863",8 (615) 821-0604
Майя Юльевна Анисимова,2024,Платная,58,5.8,116.0,Лингвистика,"п. Биробиджан, наб. Репина, д. 944, 801976",8 (853) 892-19-73
Осипова Юлия Геннадиевна,2023,Платная,57,7.0,127.0,Медицина,"п. Киров (Вятка), бул. Ореховый, д. 2/2 к. 53, 090562",81733328499
Жанна Харитоновна Авдеева,2024,Платная,24,7.9,103.0,Экономика,"с. Голицыно, ул. Пушкинская, д. 355 к. 3, 120805",8 (163) 107-0900
тов. Савельева Наталья Федоровна,2022,Платная,23,6.1,84.0,Юриспруденция,"п. Ирбит, алл. Портовая, д. 741, 261609",+7 (602) 648-65-59
Красильникова Дарья Николаевна,2023,Бюджет,5,8.1,86.0,Дизайн,"ст. Мценск, ш. Одесское, д. 9/8 к. 1, 226406",+71521936623
Никифор Ааронович Никифоров,2022,Целевая,27,6.3,90.0,Медицина,"г. Тверь, алл. Нефтяников, д. 60 стр. 4/8, 078271",8 (696) 460-17-87
Шашков Константин Феоктистович,2021,Бюджет,68,7.7,145.0,Лингвистика,"г. Верхоянск, ул. Прохладная, д. 9, 145504",+7 404 705 13 79
Митофан Измаилович Богданов,2022,Бюджет,44,6.5,109.0,Юриспруденция,"ст. Биробиджан, пер. Коминтерна, д. 1/5 к. 6, 367532",+7 (678) 982-9771
Козлова Ирина Эльдаровна,2022,Бюджет,29,7.4,103.0,Медицина,"клх Моздок, пер. Горняцкий, д. 924 к. 3, 729146",+76554521525
Терентьева Евфросиния Павловна,2021,Бюджет,61,7.9,140.0,Строительство,"п. Петропавловск-Камчатский, ул. Казачья, д. 5 стр. 70, 649184",8 797 609 96 79
Мельников Лонгин Еремеевич,2024,Платная,33,8.3,116.0,Экономика,"к. Петрозаводск, наб. Студенческая, д. 2, 171660",88081632933
Иванна Ивановна Беляева,2023,Платная,42,7.7,119.0,Лингвистика,"к. Лянтор, ш. Нефтяников, д. 6/6 стр. 599, 566234",+7 (671) 805-0975
Пелагея Вадимовна Алексеева,2022,Бюджет,59,6.7,126.0,Строительство,"клх Тосно, наб. Лермонтова, д. 2 стр. 936, 588430",88159084718
Элеонора Валериевна Самсонова,2024,Целевая,84,7.5,159.0,Строительство,"д. Сосногорск, наб. Выгонная, д. 5/8 стр. 75, 410553",+7 342 659 70 21
Авдеева Кира Святославовна,2024,Платная,35,8.1,116.0,Лингвистика,"д. Сальск, пр. Лесный, д. 6, 161095",8 018 098 49 72
Мирослав Гертрудович Шарапов,2025,Целевая,60,7.5,135.0,Строительство,"ст. Хасан, ш. Тамбовское, д. 6, 829610",84130889688
Сазонов Михей Теймуразович,2022,Бюджет,34,7.8,112.0,Дизайн,"ст. Прохладный, наб. Полярная, д. 1/4 к. 7/7, 980840",81545428884
Панфил Глебович Зайцев,2025,Платная,61,6.8,129.0,Юриспруденция,"клх Мыс Шмидта, пр. Кольцевой, д. 7/5, 956688",+7 (574) 421-91-11
Бажен Гавриилович Павлов,2024,Целевая,62,7.3,135.0,Психология,"г. Сызрань, наб. Февральская, д. 732 к. 7, 471003",+72495892920
Любосмысл Жанович Самойлов,2025,Платная,54,6.6,120.0,Медицина,"ст. Таганрог, ш. Краснодарское, д. 458 к. 2/3, 770249",+7 081 576 43 72
Клавдия Вениаминовна Зимина,2025,Бюджет,62,6.9,131.0,Менеджмент,"д. Шатой, ул. Мусы Джалиля, д. 24 к. 599, 466537",+7 (630) 232-8330
Чернова Жанна Богдановна,2021,Целевая,52,8.2,134.0,Журналистика,"п. Слюдянка, бул. Л.Толстого, д. 4, 216597",8 320 530 37 42
Федоров Леонтий Васильевич,2023,Платная,81,6.8,149.0,Психология,"д. Верхний Баскунчак, пр. Монтажников, д. 7 к. 56, 167394",+72680054746
Татьяна Максимовна Исаева,2023,Целевая,78,6.6,144.0,Юриспруденция,"клх Елатьма, алл. Заводская, д. 4 стр. 6, 950710",8 (469) 209-81-65
Зимин Мариан Трофимович,2024,Бюджет,44,7.4,118.0,Менеджмент,"г. Рыльск, наб. Ленина, д. 5 стр. 41, 180812",+7 (608) 767-84-75
Пахомова Екатерина Макаровна,2024,Платная,55,6.7,122.0,Лингвистика,"к. Кырен, бул. Невского, д. 50, 975884",8 (608) 536-3899
Кондратьева Фёкла Андреевна,2021,Платная,33,7.8,111.0,Строительство,"клх Ногинск (Моск.), ш. Гражданское, д. 4/5, 363228",8 734 859 0119
Федорова Тамара Болеславовна,2024,Бюджет,47,8.3,130.0,Дизайн,"клх Чайковский, ш. Фабричное, д. 9 стр. 6, 021077",8 (874) 200-7313
Лонгин Алексеевич Корнилов,2022,Целевая,59,7.1,130.0,Дизайн,"к. Шатой, пер. Добролюбова, д. 3/1 к. 91, 339156",8 (475) 436-3565
Семен Ефимович Виноградов,2021,Целевая,27,6.6,93.0,Дизайн,"клх Снежногорск (Мурм.), ш. Марта 8, д. 1 к. 28, 618948",8 (172) 103-4126
Турова Нина Эдуардовна,2023,Бюджет,73,8.7,160.0,Менеджмент,"к. Верхний Баскунчак, наб. Курганная, д. 8 стр. 4/2, 303502",+7 (073) 969-73-39
Анастасия Валентиновна Рыбакова,2024,Целевая,56,9.0,146.0,Дизайн,"д. Шахты, пр. Микрорайон, д. 80 стр. 9, 695777",+7 (249) 524-29-82
Никанор Владленович Пестов,2022,Целевая,38,7.0,108.0,Экономика,"к. Шатки, пр. Молодежный, д. 3/8 к. 8/8, 710791",+7 816 273 0932
Лидия Альбертовна Мельникова,2024,Бюджет,78,6.9,147.0,Менеджмент,"д. Петушки, пер. Заводской, д. 9, 883127",8 (366) 106-9367
Горбунов Анатолий Владиленович,2022,Целевая,34,6.9,103.0,Юриспруденция,"к. Серпухов, наб. Буденного, д. 7 стр. 32, 136621",+76121317365
Поляков Аристарх Ильясович,2024,Бюджет,57,8.0,137.0,Психология,"д. Воскресенск, пр. Жданова, д. 6, 042698",80404520023
Сысоева Ольга Рубеновна,2023,Целевая,55,7.2,127.0,Менеджмент,"д. Поярково, пер. Королева, д. 1 стр. 5/4, 584074",+7 (979) 851-3273
Исакова Нина Константиновна,2022,Целевая,54,9.1,145.0,Юриспруденция,"г. Артем, пер. Профсоюзный, д. 161 стр. 5/7, 078617",+7 (451) 014-1640
Лихачев Никифор Александрович,2022,Платная,56,8.4,140.0,Менеджмент,"д. Хасан, пр. Коммуны, д. 24 к. 7, 404735",8 (511) 620-18-11
Захарова Анжелика Робертовна,2023,Целевая,43,6.0,103.0,Юриспруденция,"с. Лотошино, ул. ДОС, д. 48 стр. 33, 610568",+7 (423) 391-47-20
Одинцова Евдокия Ждановна,2024,Бюджет,66,6.7,133.0,Психология,"с. Кулунда, бул. Южный, д. 61 стр. 253, 104181",+7 (047) 471-81-07
Соловьева Эмилия Юрьевна,2025,Бюджет,56,8.2,138.0,Журналистика,"д. Кизилюрт, бул. Спартака, д. 91, 204235",80379986211
Максимова Варвара Святославовна,2024,Целевая,51,8.7,138.0,Лингвистика,"г. Северобайкальск, ул. Сиреневая, д. 48 стр. 244, 470133",8 589 904 1924
тов. Веселов Гурий Филимонович,2023,Целевая,59,6.6,125.0,Лингвистика,"г. Малгобек, наб. Водников, д. 2 к. 364, 851396",8 500 529 54 86
Евлампий Игнатович Лобанов,2021,Целевая,62,7.1,133.0,Экономика,"с. Пермь, бул. Высокий, д. 698, 572099",+7 593 928 23 32
Ефим Владиленович Титов,2024,Целевая,42,8.7,129.0,Информатика и вычислительная техника,"п. Южноуральск, ул. Мира, д. 570, 346373",+76882458975
Селиверст Гаврилович Шубин,2024,Целевая,33,6.8,101.0,Медицина,"п. Лянтор, ул. Урожайная, д. 52, 792051",8 271 916 40 84
Уварова Анна Кузьминична,2022,Бюджет,37,7.4,111.0,Менеджмент,"с. Пушкин, наб. Репина, д. 37, 849906",8 376 872 53 47
Алевтина Вениаминовна Ефремова,2025,Платная,53,6.8,121.0,Дизайн,"г. Юрьевец (Иван.), алл. Береговая, д. 47 стр. 7, 342752",8 (805) 796-14-80
Никандр Геннадиевич Кошелев,2022,Бюджет,63,7.4,137.0,Информатика и вычислительная техника,"ст. Орехово-Зуево, пр. Энергетический, д. 17 к. 8/4, 497667",+7 (782) 795-51-60
Остромир Артурович Исаков,2024,Целевая,58,6.3,121.0,Информатика и вычислительная техника,"с. Тулун, алл. Толбухина, д. 15, 090517",+7 (854) 377-0176
г-жа Панова Глафира Максимовна,2022,Платная,37,6.8,105.0,Психология,"с. Гатчина, ш. Иркутское, д. 8 к. 22, 618418",+7 (298) 318-3012
Варлаам Валентинович Галкин,2021,Платная,45,8.6,131.0,Экономика,"ст. Нижневартовск, пер. Народный, д. 45, 868134",+7 (449) 898-36-63
Третьякова Маргарита Андреевна,2021,Платная,29,6.8,97.0,Дизайн,"д. Тикси, ул. Победы, д. 3 к. 6, 967269",8 (336) 289-83-71
Гришина Майя Алексеевна,2022,Бюджет,47,7.8,125.0,Информатика и вычислительная техника,"г. Сасово, бул. Гаражный, д. 8/4, 335325",+7 347 461 14 48
Ситникова Милица Максимовна,2021,Бюджет,62,7.4,136.0,Юриспруденция,"д. Канск, наб. Запорожская, д. 306, 385561",+7 (006) 444-0829
Тарас Валерьянович Суханов,2021,Бюджет,40,7.7,117.0,Медицина,"клх Сургут (Хант.), бул. Кочубея, д. 9 стр. 4, 222630",+7 197 542 1941
Ираклий Евсеевич Белоусов,2022,Целевая,54,7.4,128.0,Медицина,"с. Хатанга, бул. Ивановский, д. 90 к. 1, 426028",8 615 132 6599
Ксения Николаевна Моисеева,2023,Платная,53,8.7,140.0,Юриспруденция,"п. Уэлен, алл. Дружбы, д. 25 стр. 63, 723513",+7 (894) 383-3578
Нонна Вадимовна Сысоева,2023,Бюджет,70,8.7,157.0,Психология,"п. Новомичуринск, ш. Дальневосточное, д. 57 стр. 9, 894300",+7 467 007 77 14
Комарова Прасковья Архиповна,2025,Целевая,23,7.5,98.0,Лингвистика,"к. Алдан, наб. Дачная, д. 8/8 к. 8, 911554",+7 978 404 64 18
Евсей Гордеевич Стрелков,2022,Бюджет,26,7.4,100.0,Дизайн,"г. Ростов, наб. Российская, д. 8/8 стр. 1/5, 931995",+7 (539) 545-24-76
Анжелика Михайловна Меркушева,2022,Бюджет,58,8.3,141.0,Дизайн,"ст. Петропавловск-Камчатский, ш. Заовражное, д. 523 стр. 563, 255353",+75533695392
Яковлева Раиса Борисовна,2023,Платная,62,7.0,132.0,Менеджмент,"п. Нарым, бул. Шолохова, д. 250 к. 891, 199132",83796300081
Сергеев Венедикт Геннадиевич,2021,Бюджет,57,8.0,137.0,Информатика и вычислительная техника,"ст. Королев, бул. Прибрежный, д. 83 к. 1, 979662",+7 391 849 0484
Шарапова Юлия Натановна,2023,Целевая,70,7.9,149.0,Экономика,"д. Вытегра, пер. Морской, д. 9/5, 680746",8 (452) 692-8855
Аскольд Тихонович Фролов,2025,Целевая,28,8.1,109.0,Информатика и вычислительная техника,"к. Южно-Курильск, наб. Заводская, д. 870, 758792",8 735 540 28 47
Варвара Архиповна Зайцева,2024,Платная,55,8.7,142.0,Юриспруденция,"к. Пинега, ш. Троицкое, д. 83, 360797",+73212367558
Белякова Ульяна Эльдаровна,2025,Платная,85,10.0,185.0,Юриспруденция,"к. Ессентуки, ул. Блюхера, д. 5, 974828",+7 182 296 21 42
Исаков Дмитрий Гавриилович,2022,Платная,64,6.7,131.0,Информатика и вычислительная техника,"д. Лянтор, пер. Леваневского, д. 96 стр. 9/6, 122462",+7 873 845 96 60
Никифорова Агата Эльдаровна,2021,Целевая,55,8.3,138.0,Дизайн,"д. Бийск, ш. Ветеранов, д. 4 стр. 1/1, 988879",+7 026 319 3463
Богдан Феофанович Голубев,2023,Целевая,62,6.9,131.0,Лингвистика,"клх Павловская, ш. Льва Толстого, д. 6 к. 5/1, 079750",+7 702 279 47 83
тов. Тихонова Марфа Матвеевна,2023,Целевая,42,7.0,112.0,Строительство,"ст. Находка, ул. Розы Люксембург, д. 81 стр. 570, 633414",85592018714
Агата Васильевна Кондратьева,2024,Целевая,41,10.0,141.0,Дизайн,"д. Ряжск, ул. Владимирская, д. 3, 700094",8 (667) 540-2883
Пахом Филимонович Игнатов,2024,Платная,55,7.7,132.0,Экономика,"г. Троицк (Моск.), алл. Шоссейная, д. 6 к. 9/6, 473453",8 (666) 245-0284
Кудряшова Валерия Егоровна,2022,Целевая,54,8.0,134.0,Медицина,"ст. Мураши, ул. Свободная, д. 1, 804868",+7 (624) 635-0457
Власов Селиверст Федосеевич,2022,Целевая,32,7.9,111.0,Медицина,"ст. Жуковский, наб. Химиков, д. 6 к. 1/9, 035731",8 922 059 9062
Тихонова Василиса Романовна,2022,Бюджет,69,7.7,146.0,Экономика,"п. Шуя, наб. Весенняя, д. 1 к. 9, 119276",+7 (893) 807-00-83
Герман Зиновьевич Харитонов,2022,Целевая,49,6.8,117.0,Психология,"п. Кызыл, бул. Сенной, д. 7 стр. 70, 981667",8 975 165 6694
Миронова Полина Святославовна,2025,Платная,61,6.3,124.0,Дизайн,"клх Нефтегорск (Самар.), алл. Парижской Коммуны, д. 1/1 к. 5/1, 903660",8 (290) 757-09-08
Анастасия Руслановна Большакова,2025,Бюджет,41,6.9,110.0,Юриспруденция,"г. Красноярск, пер. Российский, д. 7 к. 953, 998645",8 (753) 753-9646
Валерия Оскаровна Яковлева,2021,Бюджет,54,7.5,129.0,Юриспруденция,"г. Усинск, алл. Папанина, д. 9/3 стр. 792, 848661",8 915 859 65 73
Авдеев Ермил Федосеевич,2021,Бюджет,67,9.4,161.0,Медицина,"клх Усть-Баргузин, пер. Октября, д. 46, 841651",8 484 889 32 34
Соколова Ия Владимировна,2021,Целевая,55,6.5,120.0,Журналистика,"ст. Качканар, бул. Декабристов, д. 7 стр. 6/2, 571903",+7 (045) 149-76-33
Тамара Архиповна Молчанова,2024,Бюджет,60,6.8,128.0,Медицина,"с. Дербент, пр. Ручейный, д. 223, 412010",+7 430 857 1010
Лапина София Макаровна,2021,Платная,41,7.9,120.0,Дизайн,"г. Апрелевка, ул. Тупиковая, д. 7 к. 4, 122581",8 (491) 423-6724
Нинель Романовна Блохина,2024,Платная,23,7.4,97.0,Дизайн,"с. Нижнекамск, наб. Л.Толстого, д. 695 стр. 466, 004941",+7 (370) 521-6737
Агап Вячеславович Шашков,2023,Целевая,51,5.6,107.0,Юриспруденция,"г. Палана, ш. Урожайное, д. 5/8 к. 730, 698043",+7 796 837 13 58
Анастасия Олеговна Комарова,2025,Бюджет,58,9.6,154.0,Строительство,"с. Смоленск, пр. Седова, д. 6/5 стр. 9/6, 530249",+77636994528
Татьяна Наумовна Пестова,2021,Платная,4,6.9,73.0,Экономика,"п. Улан-Удэ, наб. Котовского, д. 20, 854934",8 (045) 230-65-42
Исаков Савва Антонович,2023,Платная,19,7.6,95.0,Журналистика,"д. Фатеж, пр. Коллективный, д. 9/4, 995620",8 (528) 969-0626
Сысоева Пелагея Яковлевна,2025,Платная,54,7.2,126.0,Журналистика,"п. Кемерово, пер. Маркса, д. 2 стр. 88, 295473",+7 401 304 56 89
Юлия Яковлевна Андреева,2022,Платная,64,9.5,159.0,Строительство,"с. Орехово-Зуево, пер. Журавлева, д. 2/8 к. 8/2, 830525",+7 (272) 549-7989
Богдан Устинович Воронов,2024,Целевая,39,6.9,108.0,Дизайн,"с. Дно, ул. Трактовая, д. 1/8 к. 8, 253152",+7 281 586 8966
Никанор Зиновьевич Михеев,2022,Платная,21,8.5,106.0,Экономика,"клх Кырен, бул. Проезжий, д. 94, 299219",8 (439) 917-6778
Майя Павловна Кондратьева,2022,Платная,70,7.4,144.0,Информатика и вычислительная техника,"д. Корсаков, ул. Солнечная, д. 554 к. 57, 480654",8 798 622 55 39
Аверьян Бенедиктович Агафонов,2025,Платная,40,8.3,123.0,Экономика,"ст. Камышлов, пр. Крупской, д. 3 стр. 9, 665087",8 (131) 515-28-04
Ермил Венедиктович Лукин,2025,Целевая,43,7.0,113.0,Информатика и вычислительная техника,"к. Быково (метеост.), бул. Карбышева, д. 4/8 стр. 123, 736799",+7 435 662 4536
Глафира Федоровна Гущина,2021,Бюджет,57,5.3,110.0,Дизайн,"с. Заводоуковск, алл. Баумана, д. 1/6 стр. 8/6, 383631",8 272 334 29 20
Моисеев Феоктист Феоктистович,2024,Платная,54,10.0,154.0,Информатика и вычислительная техника,"д. Королев, наб. Иркутская, д. 931 стр. 74, 032959",+7 991 682 7706
Бурова Ульяна Николаевна,2025,Целевая,57,7.0,127.0,Строительство,"клх Чехов, алл. Иванова, д. 6, 792142",83089738135
Авдеев Федосий Игнатьевич,2021,Целевая,46,6.8,114.0,Медицина,"к. Бавлы, бул. Достоевского, д. 3/3 к. 80, 682740",8 (124) 256-3614
Селиван Филатович Соболев,2024,Бюджет,39,8.6,125.0,Лингвистика,"д. Александровск-Сахалинский, пр. Речной, д. 204 стр. 9/5, 045020",+7 (553) 978-1558
Бобылева Элеонора Ефимовна,2021,Платная,26,7.6,102.0,Юриспруденция,"с. Курумкан, ул. Шмидта, д. 4 стр. 317, 596916",+7 584 098 03 06
Маркова Елена Кузьминична,2021,Бюджет,75,8.3,158.0,Лингвистика,"д. Дивногорск, алл. 50 лет Победы, д. 382 к. 36, 511237",89520115108
Дмитриев Каллистрат Евстигнеевич,2022,Целевая,54,7.6,130.0,Юриспруденция,"д. Новгород Великий, алл. Сплавная, д. 7/3 к. 50, 918025",8 787 302 4590
Ксения Ивановна Миронова,2023,Целевая,27,6.7,94.0,Юриспруденция,"д. Саянск, бул. Подлесный, д. 2/7 к. 17, 344438",8 (760) 993-91-70
Рыбаков Никодим Тихонович,2023,Целевая,59,8.7,146.0,Юриспруденция,"п. Тутончаны, ш. 9 Января, д. 1/6 к. 2/1, 356642",8 500 127 61 98
Щербакова Ангелина Ждановна,2022,Целевая,35,6.5,100.0,Информатика и вычислительная техника,"ст. Чегем, алл. Енисейская, д. 8/3 к. 6/4, 015070",+7 (024) 823-3053
Данилова Лора Кузьминична,2021,Платная,67,7.4,141.0,Психология,"клх Шуя, пр. Тукая, д. 5, 819933",81420846323
Марк Августович Зайцев,2024,Целевая,46,8.0,126.0,Журналистика,"д. Лагань, ул. Комсомольская, д. 6 стр. 8/9, 532707",8 (738) 716-49-14
Антонова Евгения Даниловна,2025,Целевая,25,6.6,91.0,Психология,"д. Эльбрус, ш. Олимпийское, д. 4 к. 560, 070207",+7 (062) 259-6077
Гаврила Якубович Макаров,2023,Целевая,43,8.8,131.0,Экономика,"п. Хатанга, пер. Славянский, д. 5/7, 996447",+7 (160) 381-54-25
Раиса Геннадиевна Белоусова,2021,Платная,33,6.7,100.0,Менеджмент,"д. Братск, пр. Таманский, д. 74 к. 2, 049156",8 995 389 2407
Аникита Ануфриевич Беспалов,2023,Платная,52,6.2,114.0,Журналистика,"к. Саянск, пр. Щорса, д. 62 стр. 4, 529451",+7 (670) 793-15-18
Иванов Афиноген Августович,2025,Бюджет,57,8.6,143.0,Строительство,"п. Жиганск, пер. Урожайный, д. 8 к. 1, 371465",8 401 655 8209
Галина Антоновна Журавлева,2021,Целевая,49,6.0,109.0,Медицина,"клх Новгород Великий, бул. 50 лет Октября, д. 3/2, 406591",85640829181
Галкин Михей Эдгарович,2024,Бюджет,50,6.8,118.0,Дизайн,"д. Губкин, наб. Полтавская, д. 399, 390228",+7 (664) 954-2404
Никонов Прокл Феликсович,2021,Бюджет,65,7.7,142.0,Строительство,"клх Верхний Тагил, наб. Зои Космодемьянской, д. 78 стр. 9/4, 757149",+7 (140) 165-1480
Мясников Анатолий Абрамович,2023,Платная,66,8.0,146.0,Менеджмент,"д. Нижнеудинск, алл. Строительная, д. 145 к. 8/2, 901322",8 (833) 386-5029
Кузьма Геннадиевич Белов,2021,Бюджет,12,6.8,80.0,Менеджмент,"п. Юрьев-Польский, алл. Средняя, д. 6 стр. 6/2, 620120",+7 (030) 772-1109
Зыков Селиверст Бориславович,2023,Платная,24,6.7,91.0,Экономика,"клх Подольск, ш. Трудовое, д. 72, 414880",+7 (992) 851-1071
Майя Руслановна Королева,2022,Целевая,40,6.8,108.0,Информатика и вычислительная техника,"г. Терскол, пер. Моховой, д. 20 стр. 96, 711356",+7 (925) 416-6064
Логинов Азарий Викентьевич,2022,Бюджет,62,7.7,139.0,Журналистика,"ст. Новороссийка, ш. Проезжее, д. 3, 258905",89382566735
Эммануил Феликсович Медведев,2023,Целевая,36,8.2,118.0,Информатика и вычислительная техника,"п. Черняховск, бул. Тихий, д. 7 к. 85, 768325",88870727687
Фомичев Добромысл Эдуардович,2021,Бюджет,59,6.6,125.0,Информатика и вычислительная техника,"клх Тулун, алл. Невского, д. 88, 434753",+7 (663) 203-88-49
Щукина Ираида Леоновна,2023,Целевая,39,6.8,107.0,Лингвистика,"г. Нальчик, ул. Короленко, д. 6/5 к. 5, 266100",+7 875 251 90 86
Федоров Пимен Захарьевич,2022,Платная,98,8.1,179.0,Строительство,"г. Губаха, пер. Морозова, д. 36 к. 4, 140384",+7 698 533 4418
Фаина Кирилловна Селезнева,2021,Платная,28,8.4,112.0,Журналистика,"д. Верещагино (Перм.), ул. Станиславского, д. 12 стр. 2/6, 811871",+75203017359
Калинин Доброслав Матвеевич,2025,Платная,50,9.4,144.0,Лингвистика,"д. Североуральск, пр. Азовский, д. 33, 797468",+7 675 905 19 05
Никон Тимурович Кудрявцев,2024,Платная,38,7.4,112.0,Дизайн,"п. Пенза, наб. Социалистическая, д. 5/1, 363303",85105085404
Игнатьева Ольга Ефимовна,2022,Целевая,59,7.3,132.0,Информатика и вычислительная техника,"к. Мокшан, пер. Коммунистический, д. 839 к. 723, 866001",8 (979) 706-99-27
Сидоров Остромир Арсеньевич,2024,Целевая,58,7.7,135.0,Экономика,"клх Сергиев Посад, алл. 8-е Марта, д. 8/5, 716653",8 (751) 291-90-27
Галина Кузьминична Большакова,2024,Целевая,50,5.8,108.0,Дизайн,"д. Шали, алл. Короткая, д. 6 к. 6, 398074",+7 918 343 8059
Владилен Игнатович Николаев,2021,Целевая,59,8.5,144.0,Медицина,"клх Северодвинск, алл. Гайдара, д. 116 к. 27, 113376",85872886861
Карп Тихонович Казаков,2021,Целевая,51,7.8,129.0,Менеджмент,"к. Королев, бул. Пригородный, д. 604 к. 8/7, 789565",8 (626) 076-09-68
Моисеева Нинель Аркадьевна,2025,Целевая,81,6.0,141.0,Дизайн,"к. Верхотурье, ул. Депутатская, д. 3/5 стр. 5/9, 723703",8 655 006 69 96
Дементьев Стоян Игнатович,2023,Бюджет,57,6.8,125.0,Экономика,"ст. Черемхово, наб. Звездная, д. 6/3, 179635",+7 895 334 3628
Гремислав Абрамович Архипов,2022,Платная,66,7.8,144.0,Дизайн,"с. Ейск, наб. Декабристов, д. 638 стр. 43, 162432",+70910832876
Регина Семеновна Селиверстова,2023,Бюджет,41,5.8,99.0,Психология,"ст. Междуреченский, пр. Студенческий, д. 82 стр. 902, 999176",+70388846309
Татьяна Робертовна Киселева,2022,Платная,69,7.7,146.0,Менеджмент,"п. Домодедово, алл. Титова, д. 87 стр. 3, 039640",81606172985
Муравьев Станимир Фролович,2022,Бюджет,22,7.7,99.0,Информатика и вычислительная техника,"клх Городовиковск, наб. Техническая, д. 358 к. 1/1, 061716",+7 (109) 460-95-95
Василиса Михайловна Фролова,2024,Бюджет,59,7.8,137.0,Лингвистика,"клх Юрьев-Польский, ш. Горького, д. 75, 851844",89644043619
Емельянова Ольга Яковлевна,2024,Целевая,37,6.5,102.0,Медицина,"п. Ногинск (Моск.), пер. Производственный, д. 4 к. 3, 951978",8 (534) 660-45-58
Жанна Павловна Киселева,2022,Целевая,46,8.2,128.0,Строительство,"п. Зарайск, ш. Таманское, д. 9, 001881",82295158482
Дорофеев Касьян Власович,2024,Целевая,42,7.4,116.0,Экономика,"к. Благовещенск (Амур.), алл. Ушакова, д. 8/4, 017899",+7 (492) 309-23-27
Абрамова Таисия Николаевна,2021,Платная,30,8.0,110.0,Психология,"г. Заводоуковск, наб. Курская, д. 2 стр. 4, 401056",+7 870 977 5000
Мартынова Дарья Никифоровна,2022,Целевая,89,6.8,157.0,Дизайн,"клх Двинской, ш. Зои Космодемьянской, д. 6/2 стр. 67, 681424",+7 (787) 485-5555
Третьякова Регина Кирилловна,2024,Бюджет,65,7.0,135.0,Медицина,"п. Моршанск, алл. 8 Марта, д. 557 к. 446, 075306",8 (216) 131-6956
Алевтина Игоревна Бурова,2021,Целевая,27,6.5,92.0,Лингвистика,"к. Шарья, пр. Братский, д. 4 к. 1, 318509",8 (461) 614-5728
Бажен Ярославович Журавлев,2022,Целевая,59,7.5,134.0,Юриспруденция,"с. Екатеринбург, пр. Снежный, д. 65 к. 40, 000325",86671276457
Костина Раиса Петровна,2021,Бюджет,35,5.8,93.0,Юриспруденция,"г. Кырен, пр. Карьерный, д. 9/2, 013794",+7 267 499 08 77
Некрасова Зинаида Степановна,2022,Платная,53,5.8,111.0,Информатика и вычислительная техника,"к. Старый Оскол, пер. Мичурина, д. 784 к. 27, 193938",+7 091 070 68 21
Васильев Севастьян Бенедиктович,2021,Бюджет,63,7.7,140.0,Дизайн,"д. Хужир, ш. Курчатова, д. 2 к. 36, 122684",8 045 995 9699
Лавр Ефремович Лукин,2022,Платная,30,7.1,101.0,Строительство,"к. Ноглики, наб. Парковая, д. 17, 103821",+7 821 560 3443
Аникей Дмитриевич Одинцов,2021,Целевая,57,7.6,133.0,Информатика и вычислительная техника,"п. Артем, пр. Парковый, д. 964 к. 413, 034345",8 672 545 4084
Наина Тимуровна Николаева,2022,Бюджет,57,7.1,128.0,Психология,"д. Печенга, пер. Базарный, д. 85 к. 144, 499799",+7 086 719 61 52
Белякова Тамара Станиславовна,2021,Целевая,48,9.4,142.0,Дизайн,"д. Меренга, пр. Ленский, д. 228 стр. 183, 134936",+7 476 063 0570
Харитонова Евпраксия Михайловна,2021,Платная,57,6.7,124.0,Лингвистика,"к. Иваново, бул. Розы Люксембург, д. 61 стр. 1, 463057",+7 739 667 4893
Устинов Селиверст Матвеевич,2023,Бюджет,71,6.3,134.0,Строительство,"ст. Коломна, алл. Кутузова, д. 702 к. 4, 122145",+7 112 078 99 08
Сафонов Иларион Трифонович,2023,Целевая,63,8.0,143.0,Психология,"с. Стерлитамак, бул. Добролюбова, д. 8/7, 173223",+7 (875) 323-6007
Зинаида Викторовна Ильина,2021,Бюджет,70,6.9,139.0,Дизайн,"г. Серпухов, алл. Карьерная, д. 2, 151705",86907809920
Екатерина Юльевна Щербакова,2024,Бюджет,42,7.3,115.0,Дизайн,"п. Александровск, алл. Саратовская, д. 1 к. 9, 786614",+7 693 078 95 23
Надежда Валентиновна Фокина,2025,Целевая,83,9.6,179.0,Журналистика,"с. Кедровый, алл. Звездная, д. 8/7 стр. 136, 062074",+7 455 082 44 10
Вера Вячеславовна Турова,2023,Платная,38,9.5,133.0,Медицина,"с. Шелехов, бул. Загородный, д. 793, 365300",8 (741) 669-0482
Карп Ааронович Давыдов,2024,Целевая,57,8.7,144.0,Лингвистика,"к. Черкесск, наб. Лесная, д. 562 стр. 4/5, 563859",8 871 281 0656
Радим Тимурович Исаев,2021,Платная,44,8.7,131.0,Дизайн,"с. Боровск, алл. Народная, д. 240 к. 8, 046732",+7 666 617 27 32
Тарасова Иванна Вячеславовна,2021,Целевая,62,7.8,140.0,Лингвистика,"с. Сосьва (Хант.), ш. Специалистов, д. 48 к. 4/2, 648128",8 258 108 25 99
Людмила Вадимовна Аксенова,2025,Целевая,79,7.1,150.0,Информатика и вычислительная техника,"клх Коломна, наб. Молодежная, д. 7/1, 895443",+74233967901
Баранов Творимир Иосипович,2024,Бюджет,78,5.9,137.0,Психология,"д. Саранск, пер. Ильича, д. 81, 522661",81786302660
Варфоломей Фадеевич Кононов,2024,Платная,81,6.2,143.0,Строительство,"клх Курганинск, пер. Стахановский, д. 96 стр. 7, 523277",+7 986 971 3089
Анжела Леонидовна Романова,2022,Целевая,41,6.5,106.0,Журналистика,"д. Карабудахкент, пер. Киевский, д. 5 стр. 4, 246090",88468529033
Никифоров Эмиль Герасимович,2023,Целевая,29,6.9,98.0,Медицина,"г. Уварово, пр. Морозова, д. 113, 846623",+7 036 878 2695
Елизавета Владимировна Доронина,2023,Платная,59,8.0,139.0,Медицина,"с. Любань, ш. Фабричное, д. 169 стр. 6/5, 456427",+74411629046
Назар Ильясович Артемьев,2024,Бюджет,68,5.7,125.0,Информатика и вычислительная техника,"с. Балтийск, пер. Высотный, д. 4 стр. 10, 589967",+7 264 979 61 68
Мельникова Виктория Владимировна,2024,Платная,56,7.2,128.0,Экономика,"ст. Северобайкальск, пр. Гвардейский, д. 5 стр. 6/7, 143013",8 181 526 6448
Зоя Олеговна Сазонова,2023,Платная,7,6.9,76.0,Медицина,"ст. Лабытнанги, наб. Циолковского, д. 4/3, 978951",8 755 297 7052
Алла Георгиевна Бурова,2021,Бюджет,59,6.3,122.0,Информатика и вычислительная техника,"к. Усть-Баргузин, ул. Микрорайон, д. 144 стр. 38, 216011",+73176114457
Давыд Витальевич Тетерин,2023,Целевая,52,6.8,120.0,Экономика,"п. Воскресенск, ул. Победа, д. 4 стр. 769, 933914",+7 482 831 8757
Виталий Эдуардович Григорьев,2022,Бюджет,59,7.2,131.0,Психология,"п. Чегем, ул. Безымянная, д. 241, 743015",8 (738) 098-62-85
Агап Устинович Князев,2024,Платная,52,6.5,117.0,Медицина,"к. Шали, наб. Просвещения, д. 79, 552354",8 (260) 778-0229
Аггей Афанасьевич Авдеев,2025,Платная,75,6.3,138.0,Юриспруденция,"клх Ейск, пер. Ватутина, д. 5/8 к. 9/3, 854171",84213612566
Данилов Гремислав Васильевич,2022,Целевая,63,7.7,140.0,Психология,"с. Красная Поляна, алл. Белорусская, д. 921 стр. 406, 755195",8 557 714 7156
Горбунов Мирон Харитонович,2021,Целевая,40,7.6,116.0,Лингвистика,"п. Туруханск, ул. Ленина, д. 23, 654582",+7 985 071 7060
Кондратьева Юлия Аскольдовна,2022,Бюджет,50,9.3,143.0,Информатика и вычислительная техника,"г. Оймякон, ш. Аэродромное, д. 4, 271719",8 (989) 253-30-43
Евгений Юлианович Лазарев,2022,Бюджет,58,7.7,135.0,Лингвистика,"ст. Камышин, наб. 8 Марта, д. 2 к. 1/3, 773419",+7 593 342 6264
Измаил Трофимович Туров,2023,Целевая,59,9.8,157.0,Дизайн,"к. Минеральные Воды, пр. 30 лет Победы, д. 51, 448458",8 649 399 42 61
Баранова Глафира Романовна,2021,Целевая,74,7.7,151.0,Экономика,"к. Минеральные Воды, алл. Запрудная, д. 742 к. 520, 947403",8 (654) 363-2055
Куликов Герасим Филимонович,2024,Бюджет,26,6.9,95.0,Информатика и вычислительная техника,"г. Таштагол, наб. Краснознаменная, д. 5/3, 286312",8 556 817 07 67
Радован Димитриевич Ефимов,2024,Платная,65,10.0,165.0,Журналистика,"д. Медногорск, алл. Карьерная, д. 1/5 к. 5, 504180",+7 700 457 86 73
Богдан Арсеньевич Данилов,2022,Бюджет,47,8.8,135.0,Медицина,"с. Архангельск, ул. Машиностроителей, д. 548 стр. 5, 298641",89866412919
Наталья Юльевна Лыткина,2023,Платная,51,7.6,127.0,Информатика и вычислительная техника,"г. Зеленогорск (Ленин.), пер. Блюхера, д. 3, 062904",83508578103
Сигизмунд Филиппович Цветков,2024,Бюджет,36,9.5,131.0,Журналистика,"к. Нягань, ш. Тихое, д. 8/6 к. 9/7, 499780",+79054207246
Боян Абрамович Шубин,2021,Платная,44,8.3,127.0,Медицина,"клх Устюжна, бул. Горный, д. 212, 922565",8 (514) 979-80-32
София Викторовна Игнатьева,2022,Целевая,61,6.6,127.0,Психология,"к. Углич, пер. Рябиновый, д. 616, 331629",8 (959) 209-5783
Фролов Ипполит Гертрудович,2022,Бюджет,54,6.4,118.0,Строительство,"г. Усть-Катав, пер. Победы, д. 374 к. 469, 562803",+7 847 578 08 34
Суханов Арефий Валерьевич,2021,Платная,71,9.9,170.0,Лингвистика,"ст. Аргаяш, бул. Леонова, д. 9 стр. 57, 206370",8 622 760 97 79
Устин Григорьевич Давыдов,2024,Целевая,59,7.9,138.0,Дизайн,"клх Сковородино, ш. Заречное, д. 6 стр. 95, 931634",89944732907
Эммануил Харитонович Баранов,2021,Платная,64,7.4,138.0,Лингвистика,"ст. Ноглики, наб. Тюленина, д. 1 стр. 8/8, 745186",8 (129) 039-49-74
Пелагея Никифоровна Казакова,2023,Бюджет,55,8.7,142.0,Менеджмент,"к. Агинское (Забайк.), ул. Шоссейная, д. 957, 806555",8 (515) 667-03-23
Зиновьева Полина Ниловна,2021,Целевая,33,7.0,103.0,Экономика,"клх Северобайкальск, алл. Кирпичная, д. 2 к. 67, 968644",+7 (998) 699-2453
тов. Никифоров Савелий Демьянович,2025,Бюджет,50,9.7,147.0,Медицина,"д. Пушкин, ул. Волкова, д. 66 к. 2/5, 508009",+7 272 014 2824
Олег Филатович Потапов,2024,Бюджет,61,7.5,136.0,Медицина,"клх Соловки, пер. Победы, д. 207, 427489",8 (835) 383-44-92
Галина Святославовна Боброва,2024,Целевая,58,6.6,124.0,Строительство,"ст. Нефедова, пр. Центральный, д. 7/3, 548382",+7 (301) 520-38-82
Рожков Панфил Глебович,2021,Платная,44,6.8,112.0,Экономика,"с. Ирбит, пр. Прудовой, д. 2 к. 8, 136050",8 279 680 6711
Чернов Фирс Матвеевич,2022,Платная,51,7.7,128.0,Юриспруденция,"с. Рубцовск, пр. Маркса Карла, д. 717 к. 2, 114436",+70863816276
Юрий Егорович Мишин,2022,Целевая,71,6.4,135.0,Экономика,"ст. Северобайкальск, пер. Харьковский, д. 2/3 стр. 3, 283841",84686766983
Капитон Жоресович Фадеев,2022,Платная,44,8.3,127.0,Дизайн,"к. Валаам, бул. Народный, д. 645 к. 4/8, 700487",+7 (556) 924-7411
Белов Агафон Аксёнович,2023,Целевая,63,10.0,163.0,Экономика,"п. Кулунда, ул. Флотская, д. 8/6, 088093",+7 (464) 820-14-94
г-жа Панова Регина Васильевна,2022,Целевая,35,7.4,109.0,Журналистика,"ст. Рубцовск, пер. Весенний, д. 9, 085955",+7 (398) 001-4163
Кириллов Никандр Герасимович,2023,Бюджет,90,8.9,179.0,Юриспруденция,"г. Красноуральск, пер. Водников, д. 5 стр. 9, 186775",8 934 889 99 84
Дьячкова Галина Мироновна,2022,Целевая,40,7.7,117.0,Информатика и вычислительная техника,"с. Егорьевск, бул. З.Космодемьянской, д. 222, 677918",89968320952
Остромир Елисеевич Горбачев,2024,Целевая,73,7.3,146.0,Информатика и вычислительная техника,"ст. Пушкинские Горы, наб. Проточная, д. 94, 152318",+79018628467
Комиссарова Ирина Валентиновна,2021,Платная,52,6.6,118.0,Информатика и вычислительная техника,"д. Киренск, алл. Окружная, д. 5/5 стр. 3, 934675",82496310205
Ильина Анна Олеговна,2022,Бюджет,66,7.4,140.0,Юриспруденция,"п. Саров (Морд.), ш. Одесское, д. 4 к. 55, 571206",+7 650 087 54 91
Ирина Геннадьевна Маркова,2024,Бюджет,33,8.4,117.0,Медицина,"клх Усть-Катав, наб. Гаражная, д. 4/2 к. 912, 700677",+7 (764) 101-3993
Журавлев Еремей Дорофеевич,2022,Целевая,63,9.2,155.0,Медицина,"клх Урай, ш. Набережное, д. 4 к. 6, 556570",86485329591
Лукия Львовна Мартынова,2023,Целевая,59,8.6,145.0,Дизайн,"с. Хужир, ул. Вишневая, д. 9/6 стр. 73, 372894",8 (523) 898-61-28
Викентий Витальевич Колесников,2024,Бюджет,18,5.8,76.0,Дизайн,"с. Уфа, пер. Медицинский, д. 17 стр. 7, 331556",+7 (740) 881-8632
Филимон Эдгардович Захаров,2024,Целевая,45,7.6,121.0,Информатика и вычислительная техника,"с. Нефедова, алл. Кольцова, д. 70 стр. 156, 186748",8 648 862 2478
Регина Игоревна Белова,2025,Целевая,78,7.5,153.0,Журналистика,"д. Туруханск, пер. Макаренко, д. 994 к. 5/4, 284901",+7 111 790 9779
Баранова Агата Кузьминична,2023,Платная,62,8.2,144.0,Психология,"г. Орск, пр. Центральный, д. 48 к. 986, 118671",+7 (119) 063-54-18
Кондратьева Милица Валентиновна,2022,Платная,47,9.2,139.0,Дизайн,"с. Байкальск, ул. Толстого, д. 1, 154354",8 755 433 23 03
Арефий Эдгарович Гаврилов,2025,Целевая,69,6.1,130.0,Лингвистика,"к. Славгород, ш. 50 лет Победы, д. 299, 833696",83322785889
Иванова Александра Захаровна,2025,Бюджет,36,8.7,123.0,Медицина,"с. Шамары, ш. Дальнее, д. 4/8, 474390",8 907 906 4824
Онуфрий Васильевич Мартынов,2022,Платная,30,5.8,88.0,Лингвистика,"д. Хатанга, пр. Королева, д. 5/9, 495294",+7 545 429 32 19
Лукия Богдановна Тарасова,2022,Бюджет,46,8.5,131.0,Менеджмент,"д. Нефтеюганск, наб. Фабричная, д. 482, 245953",+7 208 094 8911
Владимир Артемьевич Лобанов,2025,Целевая,66,7.1,137.0,Строительство,"п. Поронайск, наб. Папанина, д. 7/9, 109020",+7 880 523 48 24
Семенов Тихон Марсович,2023,Целевая,66,8.8,154.0,Лингвистика,"клх Кош-Агач, наб. Привольная, д. 39 к. 38, 109481",8 (227) 150-2001
Пахом Анатольевич Елисеев,2021,Целевая,36,8.8,124.0,Менеджмент,"к. Тутаев, алл. Союзная, д. 593, 127700",+7 821 455 58 68
Шарапов Радован Матвеевич,2025,Целевая,71,8.4,155.0,Менеджмент,"д. Старая Русса, пр. Вахитова, д. 348 стр. 94, 776507",80591022273
Коновалов Софрон Эдгардович,2023,Бюджет,46,6.6,112.0,Лингвистика,"д. Талдом, алл. Каштановая, д. 7, 219655",8 (198) 346-6125
Агафон Терентьевич Гаврилов,2021,Целевая,35,7.2,107.0,Журналистика,"клх Кизляр, наб. Павлика Морозова, д. 65, 527204",+7 (070) 217-25-52
Александр Трифонович Юдин,2025,Платная,65,6.0,125.0,Информатика и вычислительная техника,"д. Лысьва, наб. Енисейская, д. 307 стр. 7, 780591",8 268 817 98 14
Фортунат Ефремович Голубев,2025,Платная,86,8.8,174.0,Экономика,"п. Шенкурск, бул. Лесный, д. 37, 416410",+7 542 124 4573
Тамара Болеславовна Романова,2024,Бюджет,66,6.5,131.0,Информатика и вычислительная техника,"к. Орск, алл. Труда, д. 15, 224540",8 445 201 54 17
Овчинников Харитон Васильевич,2024,Целевая,37,7.8,115.0,Информатика и вычислительная техника,"г. Кинешма, ш. Черноморское, д. 7/3 стр. 756, 444967",+74184417240
Дементьева Марина Дмитриевна,2021,Платная,46,8.9,135.0,Строительство,"ст. Щелково, бул. Трудовой, д. 62, 422642",8 669 764 22 70
Филимон Жанович Лебедев,2024,Платная,70,6.8,138.0,Дизайн,"с. Орск, алл. Курчатова, д. 5/8, 140381",89672069572
Матвеева Ия Александровна,2022,Платная,62,6.9,131.0,Дизайн,"клх Томари, ул. Гафури, д. 21 стр. 730, 017730",8 694 092 4975
Никифор Владленович Устинов,2021,Целевая,67,7.0,137.0,Медицина,"д. Чикола, пр. Казачий, д. 8/2 стр. 2/6, 776511",+7 (684) 340-82-90
Кузнецова Эмилия Львовна,2021,Целевая,56,7.2,128.0,Юриспруденция,"ст. Внуково (метеост.), наб. Вольная, д. 555, 158902",+7 397 353 99 45
Ольга Кирилловна Гришина,2022,Бюджет,40,5.6,96.0,Лингвистика,"клх Домодедово, пер. Индустриальный, д. 67 стр. 9, 088623",+70289158548
София Евгеньевна Михеева,2024,Целевая,49,8.2,131.0,Психология,"д. Самара, пер. Волгоградский, д. 61 к. 735, 231399",85225867582
Ия Семеновна Королева,2025,Целевая,51,7.8,129.0,Психология,"ст. Егорьевск, ш. Больничное, д. 349 стр. 160, 806374",8 (202) 943-8259
тов. Данилова Синклитикия Феликсовна,2021,Бюджет,45,7.8,123.0,Журналистика,"к. Сарапул, пер. Володарского, д. 240 стр. 3, 134852",8 (953) 370-7266
Красильникова Мария Рубеновна,2022,Платная,53,9.4,147.0,Юриспруденция,"ст. Гремячинск (Бурят.), пер. Весенний, д. 5 к. 3, 968157",+7 (917) 465-90-23
Алина Петровна Шашкова,2021,Целевая,35,7.7,112.0,Медицина,"д. Североморск, ш. Жукова, д. 656 к. 94, 074720",+7 (310) 189-82-37
Ростислав Гурьевич Киселев,2023,Целевая,40,8.3,123.0,Дизайн,"п. Чайковский, пер. Новоселов, д. 5, 930273",+7 858 322 93 50
Терентьева Елизавета Михайловна,2022,Целевая,46,7.7,123.0,Экономика,"ст. Горячий Ключ, пер. Красногвардейский, д. 5/2 к. 4/8, 715644",+73437062802
Осипов Добромысл Игнатьевич,2023,Бюджет,58,6.9,127.0,Дизайн,"клх Кировск (Мурм.), ул. Учительская, д. 4, 936235",8 (068) 936-55-16
Орлов Амос Елизарович,2024,Платная,76,8.8,164.0,Психология,"ст. Чермоз, наб. Ильича, д. 8, 257886",8 266 680 8942
Бирюков Всеслав Виленович,2025,Бюджет,53,7.9,132.0,Информатика и вычислительная техника,"с. Троицк (Моск.), алл. Шмидта, д. 83, 595461",8 398 272 5475
Богдан Герасимович Кулагин,2022,Целевая,68,7.6,144.0,Психология,"к. Анадырь, ул. Мельничная, д. 243, 766423",+7 (397) 385-8328
Надежда Руслановна Воронова,2022,Платная,24,6.8,92.0,Юриспруденция,"с. Лесной (Сверд.), алл. Ореховая, д. 7/4 к. 1/9, 441075",+75266077894
Евсей Витальевич Некрасов,2021,Бюджет,68,5.7,125.0,Юриспруденция,"г. Волхов, бул. Хуторской, д. 6/6 к. 3/7, 192519",8 (656) 089-6701
Гостомысл Васильевич Лазарев,2021,Целевая,24,8.8,112.0,Психология,"г. Фатеж, пер. Титова, д. 360 стр. 859, 371686",8 (920) 849-80-03
Гордеев Аскольд Жанович,2025,Бюджет,66,7.8,144.0,Менеджмент,"п. Мураши, наб. Кузнецкая, д. 708 к. 62, 722419",+7 965 402 3063
Орлова Ия Степановна,2023,Бюджет,43,6.5,108.0,Журналистика,"г. Тулун, пер. Озерный, д. 6, 300686",+74357871352
Тарасова Юлия Даниловна,2022,Платная,43,6.6,109.0,Медицина,"г. Данков, бул. Северный, д. 8 стр. 9/1, 420767",+7 924 779 99 96
Осипов Ульян Юльевич,2023,Бюджет,33,8.5,118.0,Информатика и вычислительная техника,"ст. Новороссийка, пр. Свободы, д. 115 к. 6/1, 851082",80866253938
Ратибор Адамович Лаврентьев,2021,Целевая,58,9.8,156.0,Дизайн,"клх Шуя, ш. 8-е Марта, д. 1/8, 719192",+7 931 499 1926
Наина Кузьминична Мамонтова,2021,Целевая,59,7.2,131.0,Информатика и вычислительная техника,"ст. Троицк (Челяб.), пер. Краснодарский, д. 59 к. 6, 918891",+7 931 336 5871
Соловьев Казимир Елизарович,2021,Платная,73,7.0,143.0,Юриспруденция,"ст. Чайковский, ш. Верхнее, д. 92 к. 9/3, 689845",+7 801 430 94 01
Титова Виктория Макаровна,2024,Бюджет,48,9.5,143.0,Информатика и вычислительная техника,"с. Асбест, пер. Юности, д. 6 стр. 849, 161786",+7 830 857 7588
Моисеев Лавр Адрианович,2022,Бюджет,52,7.1,123.0,Лингвистика,"к. Южно-Сахалинск, пер. Северный, д. 35, 613387",+7 (156) 650-97-13
Рябова Ирина Рудольфовна,2022,Целевая,46,6.9,115.0,Лингвистика,"клх Быково (метеост.), бул. Кубанский, д. 619, 584848",8 714 781 14 37
Гущина Ия Афанасьевна,2025,Платная,58,7.4,132.0,Юриспруденция,"к. Пушкино (Моск.), пер. Киевский, д. 7/6 стр. 76, 087520",+7 916 057 7393
Евгений Валерианович Михайлов,2021,Целевая,56,6.9,125.0,Дизайн,"п. Верхний Баскунчак, бул. Шоссейный, д. 6 стр. 7/6, 175850",+7 (275) 723-52-42
Архипова Милица Анатольевна,2025,Платная,53,7.9,132.0,Психология,"д. Руза, ш. Выгонное, д. 567, 127024",8 (232) 918-6987
Осипов Автоном Марсович,2025,Платная,72,8.7,159.0,Экономика,"г. Кулу, алл. Волочаевская, д. 89 стр. 81, 052249",+7 126 446 4362
Панкратий Юлианович Исаев,2022,Целевая,65,6.7,132.0,Строительство,"клх Юрьев-Польский, пер. Юности, д. 9 к. 2, 377422",+7 571 536 51 57
Лобанова Людмила Евгеньевна,2023,Целевая,32,6.0,92.0,Лингвистика,"г. Воркута, ш. Ивановское, д. 9, 467054",+7 830 564 30 22
Фёкла Романовна Белоусова,2021,Бюджет,63,6.4,127.0,Журналистика,"к. Соликамск, ул. Загородная, д. 7/7 стр. 2/1, 203257",+7 (914) 667-3370
Стрелкова Елена Павловна,2024,Бюджет,54,7.9,133.0,Психология,"к. Рязань, ш. Урицкого, д. 32 к. 1/1, 932106",+7 (832) 773-67-93
Федорова Нинель Федоровна,2023,Бюджет,81,7.7,158.0,Медицина,"п. Сусуман, ул. Красная, д. 1/1 к. 18, 517607",8 000 158 89 02
Аксенова Агафья Юльевна,2025,Целевая,54,7.9,133.0,Информатика и вычислительная техника,"п. Ачинск, алл. Стадионная, д. 71 стр. 833, 602819",+7 (615) 148-28-00
Блинов Парамон Изотович,2021,Бюджет,46,7.5,121.0,Информатика и вычислительная техника,"к. Черусти, бул. Высоцкого, д. 447 стр. 85, 208975",8 (130) 224-41-48
Тимофей Ааронович Кудрявцев,2024,Платная,61,7.9,140.0,Медицина,"г. Шуя, пер. Черноморский, д. 31, 601480",8 (368) 913-80-57
Матвеева Валентина Тарасовна,2024,Платная,51,6.9,120.0,Юриспруденция,"д. Шелагонцы, наб. Шоссейная, д. 44, 947056",8 009 100 8780
Ангелина Георгиевна Шарова,2023,Бюджет,57,7.0,127.0,Экономика,"к. Усть-Катав, бул. Малый, д. 9 к. 780, 152617",8 (807) 713-2033
Пестов Амвросий Денисович,2025,Платная,63,6.6,129.0,Юриспруденция,"ст. Лабытнанги, пр. Ставропольский, д. 7 к. 9, 031425",81775158608
Орлова Прасковья Валентиновна,2021,Платная,61,8.2,143.0,Менеджмент,"г. Диксон, пер. Королева, д. 5, 253662",8 980 475 3049
Всеволод Аверьянович Самсонов,2021,Целевая,41,8.8,129.0,Лингвистика,"п. Мураши, ш. Дарвина, д. 1/4, 724971",8 (916) 981-97-86
Валерий Дорофеевич Беляков,2023,Бюджет,59,8.0,139.0,Медицина,"г. Гремячинск (Перм.), алл. Пожарского, д. 4 стр. 170, 281724",8 173 859 69 40
Ширяева Галина Геннадьевна,2023,Бюджет,29,7.1,100.0,Строительство,"п. Яхрома, пр. Баумана, д. 3 к. 6/8, 523894",+7 (362) 165-72-65
Кондратьева Екатерина Тарасовна,2025,Платная,52,6.9,121.0,Психология,"с. Советский, ш. Прибрежное, д. 749 стр. 391, 255934",+79615585344
Агафон Ермолаевич Зайцев,2023,Платная,77,8.8,165.0,Журналистика,"к. Сосногорск, ш. Кошевого, д. 52 к. 971, 070644",+7 043 570 09 43
Голубева Нинель Тимуровна,2025,Платная,50,7.7,127.0,Журналистика,"клх Соболево, бул. Терешковой, д. 4/3 к. 45, 343577",8 273 493 1227
Колесников Николай Матвеевич,2021,Платная,48,7.1,119.0,Информатика и вычислительная техника,"с. Кулунда, алл. Воровского, д. 9/9 к. 93, 942230",8 (367) 992-97-08
Александр Якубович Веселов,2024,Целевая,33,7.0,103.0,Информатика и вычислительная техника,"ст. Сортавала, пр. Байкальский, д. 1, 849542",+7 204 531 16 60
г-жа Волкова Пелагея Ниловна,2024,Бюджет,68,8.6,154.0,Менеджмент,"ст. Кулунда, ул. Челюскинцев, д. 2 стр. 2/9, 220413",+74597424241
Чернова Майя Евгеньевна,2025,Целевая,59,8.9,148.0,Психология,"ст. Артем, алл. Осипенко, д. 57 к. 5/3, 275658",+74609094689
Глеб Арсеньевич Некрасов,2022,Платная,60,6.5,125.0,Юриспруденция,"г. Миллерово, алл. Специалистов, д. 7/2 стр. 729, 534686",8 679 338 6225
Олег Артёмович Одинцов,2021,Целевая,35,5.8,93.0,Лингвистика,"клх Бирск, пер. Автомобилистов, д. 1 стр. 3/8, 874849",8 914 586 4494
Анжела Константиновна Князева,2023,Бюджет,54,8.6,140.0,Журналистика,"к. Морозовск, наб. Красноярская, д. 83 к. 2/3, 736530",+7 612 121 3421
Павлова Татьяна Матвеевна,2021,Целевая,47,9.5,142.0,Медицина,"г. Апшеронск, бул. Воронежский, д. 2/7 стр. 168, 885617",8 (348) 836-5967
Моисеев Ефрем Андреевич,2022,Целевая,84,7.0,154.0,Экономика,"клх Зеленогорск (Ленин.), бул. Надежды, д. 7/5, 878824",8 831 811 2411
Данилов Егор Гаврилович,2025,Целевая,48,6.1,109.0,Дизайн,"ст. Каспийск, пер. Дружбы, д. 4/1 к. 7, 314160",8 (281) 254-43-33
Виноградова Марина Львовна,2024,Целевая,56,7.1,127.0,Экономика,"клх Казань, алл. Раздольная, д. 777, 043203",+7 (762) 887-74-38
Фадей Харлампьевич Панов,2022,Целевая,65,9.4,159.0,Психология,"г. Октябрьское (Хант.), ш. Олимпийское, д. 5/2, 954150",+7 (276) 824-46-41
Доброслав Филатович Ларионов,2023,Целевая,47,7.2,119.0,Менеджмент,"г. Усть-Ордынский, алл. Гражданская, д. 57, 876299",+7 (183) 155-76-77
Анжела Яковлевна Захарова,2022,Целевая,41,8.0,121.0,Информатика и вычислительная техника,"клх Дубна, пр. Энергетиков, д. 4/3 стр. 4/4, 647898",8 (715) 661-3490
Фадеева Октябрина Геннадиевна,2023,Бюджет,86,7.3,159.0,Лингвистика,"к. Киренск, наб. Машиностроителей, д. 50, 497911",82705231327
Игнатьева Эмилия Игоревна,2021,Целевая,42,6.9,111.0,Психология,"д. Курск, бул. Ивановский, д. 4/9 к. 14, 819595",8 941 885 85 81
Герасимов Митофан Андреевич,2021,Целевая,51,7.3,124.0,Дизайн,"п. Чебаркуль, наб. Трудовая, д. 2/7 стр. 7, 571747",89070027529
Ким Федотович Дорофеев,2022,Бюджет,76,7.5,151.0,Юриспруденция,"ст. Домодедово, пер. Отрадный, д. 2 стр. 9/4, 784867",8 (200) 172-2124
тов. Миронов Гордей Вячеславович,2021,Бюджет,30,6.6,96.0,Дизайн,"клх Чулым, бул. Солнечный, д. 98 стр. 2, 233878",85815749077
Наина Алексеевна Носкова,2025,Бюджет,47,7.6,123.0,Дизайн,"п. Серафимович, ш. Таманское, д. 9/9, 449634",+7 331 516 30 62
Савина Иванна Кирилловна,2021,Платная,41,9.6,137.0,Юриспруденция,"клх Агинское (Забайк.), бул. Космический, д. 80 к. 170, 156689",8 753 886 8276
Натан Анисимович Корнилов,2022,Целевая,62,8.8,150.0,Дизайн,"г. Новосибирск, наб. Горная, д. 88 к. 7, 312972",+7 (099) 978-4322
Иван Брониславович Исаков,2021,Бюджет,42,6.9,111.0,Строительство,"д. Туруханск, ш. Социалистическое, д. 418 к. 245, 618794",+7 778 935 23 32
Вишнякова Полина Вениаминовна,2023,Целевая,43,9.0,133.0,Психология,"г. Сунтар, алл. Энгельса, д. 9/3 к. 371, 069732",+7 (299) 767-76-74
Миронова Октябрина Станиславовна,2025,Целевая,53,7.0,123.0,Менеджмент,"к. Приморско-Ахтарск, наб. Громова, д. 5 стр. 97, 184222",80862941715
г-жа Ермакова Октябрина Валериевна,2024,Бюджет,41,7.5,116.0,Журналистика,"г. Егорьевск, алл. Громова, д. 984 к. 1, 759468",81436436377
Медведева Марфа Макаровна,2021,Бюджет,64,8.5,149.0,Юриспруденция,"к. Шатура, пер. Щербакова, д. 40 стр. 5/1, 569845",8 366 757 72 23
Фаина Станиславовна Герасимова,2022,Целевая,72,7.4,146.0,Лингвистика,"г. Гремячинск (Бурят.), алл. 9 мая, д. 60 к. 7/2, 646374",8 (342) 989-73-59
тов. Новикова Милица Дмитриевна,2023,Платная,39,7.5,114.0,Журналистика,"с. Жуковский, пер. Прудный, д. 792, 186613",+7 003 262 7038
Олимпий Ерофеевич Воронцов,2023,Бюджет,34,7.8,112.0,Экономика,"ст. Горно-Алтайск, бул. Слободской, д. 33 стр. 3, 042991",+7 728 398 7148
Киселев Ким Трифонович,2024,Платная,45,9.1,136.0,Информатика и вычислительная техника,"п. Норильск, алл. Маяковского, д. 1, 357944",8 (222) 345-4314
Фёкла Филипповна Турова,2021,Платная,49,7.5,124.0,Строительство,"ст. Тосно, алл. Харьковская, д. 934 стр. 1, 616342",+71399057507
Лора Оскаровна Шарапова,2023,Платная,49,8.3,132.0,Медицина,"п. Элиста, ул. Лазо, д. 998 к. 21, 852492",8 847 599 83 32
Веселова Нинель Святославовна,2022,Целевая,41,8.9,130.0,Информатика и вычислительная техника,"д. Октябрьское (Челяб.), пр. Победы, д. 69 стр. 76, 619767",88543476789
Волкова Милица Филипповна,2022,Бюджет,32,8.4,116.0,Журналистика,"с. Старый Оскол, наб. Гастелло, д. 103 к. 8, 748025",81097505397
Орехов Максим Георгиевич,2025,Целевая,70,6.1,131.0,Менеджмент,"к. Гудермес, алл. 50 лет Октября, д. 5, 444528",8 (242) 692-1967
Ия Ефимовна Мартынова,2022,Целевая,58,7.6,134.0,Журналистика,"клх Холмск, ул. Циолковского, д. 84 к. 928, 282206",+7 (878) 372-24-00
Изяслав Эдгардович Котов,2024,Бюджет,46,5.8,104.0,Психология,"ст. Кемерово, бул. Черноморский, д. 2, 582661",+7 369 711 30 69
Майя Дмитриевна Мишина,2024,Платная,76,8.1,157.0,Лингвистика,"г. Волоколамск, наб. Покровская, д. 36 к. 789, 687335",+7 (783) 659-06-62
Князев Порфирий Иосипович,2025,Целевая,62,7.5,137.0,Информатика и вычислительная техника,"п. Грозный, пер. Тупиковый, д. 7/8 стр. 97, 599600",8 (266) 215-58-88
г-жа Афанасьева Екатерина Григорьевна,2025,Платная,74,6.9,143.0,Экономика,"ст. Богучар, ул. Водопроводная, д. 5/7 стр. 834, 996314",8 (897) 219-7511
Фирс Ерофеевич Панов,2024,Бюджет,52,8.9,141.0,Журналистика,"с. Яр-Сале, пер. Морозова, д. 91 стр. 6, 493688",8 952 317 49 67
Маслов Ананий Адрианович,2022,Платная,65,5.8,123.0,Психология,"клх Мокшан, ул. Кутузова, д. 2/5 стр. 309, 812032",8 662 887 20 84
Прасковья Владиславовна Лебедева,2021,Целевая,40,7.5,115.0,Экономика,"ст. Североуральск, ш. Марта 8, д. 224 стр. 112, 056957",83690033340
Гаврилова Варвара Алексеевна,2023,Бюджет,62,7.8,140.0,Медицина,"с. Кострома, наб. Садовая, д. 7 стр. 2/5, 809194",8 (467) 670-1121
Горшкова Юлия Архиповна,2024,Целевая,44,9.1,135.0,Строительство,"п. Кулунда, пр. Прудный, д. 105, 657457",8 731 197 81 74
Беляева Анастасия Вячеславовна,2023,Целевая,47,9.0,137.0,Лингвистика,"к. Холмогоры, ш. Железнодорожное, д. 3, 243526",+7 149 919 08 08
Фадей Фомич Кудрявцев,2025,Бюджет,32,8.1,113.0,Журналистика,"г. Певек, ул. Весенняя, д. 6/4 к. 4, 291466",+7 (435) 392-88-17
Фомичева Таисия Ефимовна,2025,Платная,55,6.7,122.0,Дизайн,"к. Кашира, бул. Кутузова, д. 619 к. 2, 091981",85972962097
Иванна Анатольевна Савина,2021,Целевая,53,8.3,136.0,Строительство,"ст. Октябрьское (Челяб.), ш. Рылеева, д. 8 к. 8/2, 966637",83114385516
Родион Харлампович Кудрявцев,2022,Бюджет,56,8.1,137.0,Психология,"с. Бреды, бул. Калужский, д. 742 к. 1/8, 675988",+7 (109) 345-99-76
тов. Харитонов Демид Богданович,2025,Бюджет,38,7.5,113.0,Лингвистика,"к. Котлас, пер. Новгородский, д. 8/3, 477006",+7 (208) 855-17-74
Ерофей Евстигнеевич Князев,2024,Платная,25,7.1,96.0,Строительство,"г. Приозерск, наб. Гончарова, д. 4/1 стр. 9, 812357",+7 252 417 59 14
Лукия Валентиновна Соколова,2024,Платная,66,7.4,140.0,Экономика,"к. Яр-Сале, бул. Толстого, д. 528 стр. 5/7, 602574",+71049179809
Фока Дмитриевич Киселев,2021,Бюджет,67,7.5,142.0,Дизайн,"д. Орск, бул. Мелиораторов, д. 51, 698597",+7 134 954 5312
Игнатов Ким Васильевич,2025,Бюджет,56,8.3,139.0,Лингвистика,"п. Видное, пр. 70 лет Октября, д. 61 стр. 344, 326807",+77230005877
Валентина Леонидовна Ковалева,2025,Целевая,46,6.2,108.0,Дизайн,"д. Белоярский, наб. Тупиковая, д. 755 к. 4/7, 116396",+7 985 233 74 82
Киселева Полина Артемовна,2021,Платная,69,7.8,147.0,Информатика и вычислительная техника,"ст. Урай, алл. Веселая, д. 414 стр. 779, 766484",+7 (350) 482-6464
Горбачев Зосима Ануфриевич,2021,Бюджет,62,8.4,146.0,Экономика,"с. Орехово-Зуево, пр. Производственный, д. 6/9 стр. 475, 139739",+7 (277) 197-44-10
Гаврилова Ия Владимировна,2021,Бюджет,35,6.8,103.0,Экономика,"клх Ишим, наб. Коллективная, д. 4/4 к. 2/1, 284947",+7 (142) 230-07-13
Самсон Филимонович Самсонов,2021,Платная,63,7.8,141.0,Лингвистика,"клх Вологда, пр. Астраханский, д. 3/3, 380005",+7 (221) 957-63-67
Адриан Исидорович Брагин,2022,Целевая,48,6.5,113.0,Журналистика,"ст. Охотск, алл. Кольцевая, д. 3/2, 401424",8 (075) 015-52-50
Фёкла Захаровна Жданова,2021,Бюджет,51,7.2,123.0,Лингвистика,"к. Ачинск, наб. Лермонтова, д. 6/4 стр. 7/1, 526420",+7 071 478 11 76
Анна Сергеевна Куликова,2024,Целевая,31,6.3,94.0,Строительство,"д. Мыс Шмидта, наб. Ульяновская, д. 62 стр. 2, 787906",8 378 560 24 09
Костина Елена Руслановна,2025,Бюджет,73,8.3,156.0,Лингвистика,"клх Гагарин, наб. Труда, д. 6, 867332",8 (755) 272-2333
Евдокия Тимуровна Тимофеева,2021,Платная,52,6.5,117.0,Менеджмент,"к. Хасан, пр. Ключевой, д. 8/3, 391561",8 (537) 699-9585
Феофан Эдуардович Третьяков,2022,Целевая,60,7.9,139.0,Лингвистика,"п. Жигулевск, наб. Снежная, д. 24 стр. 1/2, 571919",82438144138
Осипов Федот Валерьянович,2024,Бюджет,57,7.7,134.0,Медицина,"п. Мокшан, бул. Парижской Коммуны, д. 2/5 к. 1, 561658",+7 815 666 5904
Федоров Болеслав Дмитриевич,2025,Целевая,50,7.7,127.0,Лингвистика,"клх Тамбов, бул. Зеленый, д. 794 стр. 400, 365982",8 (677) 914-6036
Михаил Феофанович Павлов,2022,Платная,74,7.6,150.0,Лингвистика,"клх Алагир, ш. Культуры, д. 8 к. 3/7, 637159",+73505683116
Алевтина Тимуровна Доронина,2021,Бюджет,32,8.1,113.0,Лингвистика,"к. Дубна, ш. Дальнее, д. 16 стр. 6/8, 202849",+73097676164
Горшкова Нонна Яковлевна,2023,Бюджет,72,7.7,149.0,Строительство,"ст. Лабытнанги, наб. Совхозная, д. 6/7, 314569",8 276 298 38 83
Эрнест Матвеевич Селезнев,2022,Целевая,66,7.2,138.0,Дизайн,"клх Арсеньев, наб. 8-е Марта, д. 495, 156925",8 780 057 6209
Марина Антоновна Виноградова,2024,Платная,34,7.9,113.0,Юриспруденция,"к. Ханты-Мансийск, пер. Димитрова, д. 2, 732194",8 (386) 474-16-39
Симон Демидович Шилов,2021,Целевая,41,6.1,102.0,Дизайн,"с. Глазов, пр. Бабушкина, д. 8/6, 312825",8 (392) 676-48-46
Попова Анжелика Сергеевна,2022,Целевая,42,5.2,94.0,Юриспруденция,"с. Губкин, пер. Сплавный, д. 543 стр. 2/5, 611465",+7 127 096 55 42
Петрова Ксения Геннадиевна,2025,Целевая,30,8.1,111.0,Строительство,"ст. Быково (метеост.), пер. Энгельса, д. 979 стр. 2/1, 190323",82763755289
Вероника Юрьевна Калашникова,2022,Бюджет,18,9.3,111.0,Медицина,"к. Кондопога, ул. Ульянова, д. 2/8 стр. 3/3, 525201",8 (656) 963-4087
Клавдия Руслановна Тимофеева,2022,Бюджет,40,7.3,113.0,Менеджмент,"с. Гремячинск (Перм.), наб. Станционная, д. 1/3, 455364",8 385 959 1129
Авдей Тихонович Веселов,2023,Бюджет,41,8.3,124.0,Менеджмент,"п. Нефтекамск, алл. Моховая, д. 11 стр. 79, 967940",8 (416) 052-1282
Белов Борис Терентьевич,2022,Бюджет,30,8.9,119.0,Экономика,"клх Тула, пр. Комарова, д. 8, 411970",+7 (041) 089-3602
Зоя Семеновна Сазонова,2025,Платная,53,8.2,135.0,Журналистика,"клх Сорочинск, пр. Казанский, д. 8/2, 173162",8 (826) 860-0543
Туров Руслан Жанович,2023,Платная,59,7.7,136.0,Психология,"с. Сибай, пер. Культуры, д. 55 к. 4/8, 431819",8 (587) 361-4700
Мишин Ефим Алексеевич,2024,Бюджет,61,8.3,144.0,Медицина,"д. Асино, ул. Зеленая, д. 5 стр. 9, 385145",+71141107652
Евгений Виленович Мухин,2024,Целевая,55,8.6,141.0,Дизайн,"д. Верхнее Пенжино, пр. Серафимовича, д. 2 стр. 618, 769314",8 727 525 9311
Шестаков Аггей Юльевич,2025,Бюджет,53,8.9,142.0,Дизайн,"ст. Певек, ш. Тюленина, д. 4 к. 9, 191946",8 (056) 219-12-90
Кулакова Иванна Валентиновна,2021,Целевая,72,6.9,141.0,Экономика,"ст. Ершов, пер. Крупской, д. 73 стр. 8/2, 729377",8 185 988 24 71
Галактион Дмитриевич Владимиров,2022,Бюджет,26,5.0,76.0,Психология,"с. Внуково (метеост.), алл. Володарского, д. 75 к. 1, 393249",8 (607) 282-37-82
Фотий Игнатович Брагин,2021,Платная,31,8.4,115.0,Информатика и вычислительная техника,"п. Сасово, наб. Курортная, д. 4 к. 7/2, 905956",8 159 329 3396
Алла Ефимовна Максимова,2021,Целевая,67,7.1,138.0,Экономика,"ст. Ревда (Сверд.), бул. Локомотивный, д. 872, 632059",8 786 623 1216
Агафья Станиславовна Павлова,2023,Бюджет,69,8.8,157.0,Медицина,"д. Ступино, пер. Целинный, д. 8 к. 8, 285613",+7 021 362 23 97
Спиридон Анисимович Русаков,2025,Бюджет,50,8.3,133.0,Лингвистика,"с. Ноглики, пр. Крупской, д. 85 к. 553, 351984",+7 336 887 97 48
Георгий Феоктистович Павлов,2023,Платная,38,6.8,106.0,Строительство,"д. Кисловодск, наб. Пролетарская, д. 8/3 к. 34, 760246",+7 337 519 39 10
Гусев Евграф Архипович,2024,Целевая,74,9.5,169.0,Информатика и вычислительная техника,"д. Саров (Морд.), бул. Вавилова, д. 63 стр. 18, 111751",+7 (674) 400-8288
Евгения Романовна Панфилова,2025,Бюджет,63,8.3,146.0,Менеджмент,"г. Дмитров, ул. Труда, д. 22 к. 6, 235100",+7 981 247 51 20
Ольга Захаровна Карпова,2022,Бюджет,65,7.4,139.0,Журналистика,"клх Кижи, пр. Ангарский, д. 324, 380358",86912385384
Нестор Матвеевич Гусев,2023,Платная,23,9.6,119.0,Медицина,"с. Тосно, алл. Космическая, д. 6, 986147",+7 (482) 182-9634
Евсеева Тамара Станиславовна,2025,Платная,69,5.6,125.0,Менеджмент,"д. Курган, ул. Калужская, д. 68, 881133",+7 091 737 84 44
Рябов Лаврентий Вилорович,2022,Платная,43,8.2,125.0,Дизайн,"г. Домодедово, алл. Родниковая, д. 295, 874296",+7 (677) 812-9222
Дарья Сергеевна Логинова,2025,Бюджет,51,8.4,135.0,Строительство,"д. Арзамас, ш. Королева, д. 71 стр. 6/5, 211702",+7 769 732 22 87
Анисимова Клавдия Оскаровна,2024,Бюджет,67,7.8,145.0,Дизайн,"г. Ейск, наб. Максима Горького, д. 250 стр. 2, 751534",+7 167 278 8017
Глафира Олеговна Мишина,2022,Бюджет,78,6.8,146.0,Журналистика,"д. Моздок, пр. Тупиковый, д. 5 стр. 619, 325329",8 (349) 208-40-68
Анжелика Васильевна Лапина,2021,Бюджет,45,6.9,114.0,Юриспруденция,"д. Шуя, бул. Восточный, д. 2, 405993",+7 (021) 761-2047
Рожкова Маргарита Руслановна,2024,Бюджет,40,5.0,90.0,Лингвистика,"с. Нефтеюганск, бул. Куйбышева, д. 8/3 стр. 530, 196530",84858872124
Евфросиния Васильевна Шарова,2022,Бюджет,51,8.3,134.0,Менеджмент,"к. Курган, ш. Вольное, д. 450 стр. 8/1, 981516",+7 (460) 090-91-94
Белякова Ангелина Вадимовна,2024,Целевая,51,7.2,123.0,Лингвистика,"к. Ульяновск, алл. Слободская, д. 8 стр. 5/7, 678658",+74107343088
Петр Давыдович Мамонтов,2025,Целевая,44,9.5,139.0,Психология,"клх Агата, наб. Бажова, д. 960, 160083",+79087713421
Ковалева Анна Тарасовна,2021,Бюджет,42,7.2,114.0,Строительство,"ст. Каспийск, ул. Ломоносова, д. 9 стр. 1/4, 018675",+7 (970) 614-92-73
Синклитикия Оскаровна Сидорова,2021,Бюджет,38,7.2,110.0,Информатика и вычислительная техника,"ст. Петухово, ул. Севастопольская, д. 2/2, 782416",+79145489359
Доронин Капитон Артемьевич,2024,Бюджет,62,5.3,115.0,Юриспруденция,"д. Усть-Кулом, наб. Южная, д. 4/1 к. 1, 736345",+7 (307) 440-6065
Потап Богданович Куликов,2021,Целевая,17,9.2,109.0,Лингвистика,"клх Ейск, пер. Механизаторов, д. 985, 135861",+7 649 606 45 70
Елизавета Анатольевна Полякова,2022,Бюджет,51,8.0,131.0,Информатика и вычислительная техника,"к. Тарко-Сале, пер. Белорусский, д. 1/6 стр. 22, 626487",8 (816) 076-42-16
Ратмир Димитриевич Степанов,2024,Бюджет,51,8.1,132.0,Менеджмент,"клх Заводоуковск, наб. Дальневосточная, д. 3/8 к. 25, 791381",8 (356) 847-0530
Максимов Василий Бориславович,2023,Платная,48,6.3,111.0,Психология,"к. Тюмень, ш. Ручейное, д. 490 к. 26, 663272",+7 079 827 69 77
Кондрат Арсеньевич Петухов,2023,Бюджет,34,7.8,112.0,Информатика и вычислительная техника,"ст. Вытегра, ш. Космодемьянской, д. 982 к. 33, 164962",8 251 548 20 17
Трофим Адрианович Захаров,2025,Бюджет,39,7.1,110.0,Менеджмент,"г. Эльбрус, ул. Чайкиной, д. 36, 232370",+7 855 692 3130
Никифор Терентьевич Носков,2025,Платная,78,8.0,158.0,Информатика и вычислительная техника,"с. Ачхой Мартан, пер. Вишневый, д. 4, 611973",+7 (692) 256-61-03
Кузнецова Евпраксия Евгеньевна,2021,Бюджет,73,7.4,147.0,Дизайн,"с. Нязепетровск, пер. Пугачева, д. 159 к. 6/9, 694203",+7 (879) 652-2583
Фомин Аскольд Аксёнович,2024,Целевая,72,7.3,145.0,Менеджмент,"ст. Псков, пр. Попова, д. 71 к. 39, 260802",+75092652608
Потап Евсеевич Никифоров,2024,Платная,62,8.2,144.0,Экономика,"с. Октябрьский (Башк.), ул. Гоголя, д. 99, 720428",8 (990) 185-83-88
Маргарита Святославовна Орлова,2021,Целевая,30,7.0,100.0,Медицина,"с. Нягань, пер. Сельский, д. 932 стр. 86, 706401",+7 (244) 736-69-47
Евдокия Филипповна Матвеева,2024,Бюджет,60,9.3,153.0,Экономика,"п. Пышма, бул. Кольцова, д. 9, 446259",8 728 214 2049
Марина Петровна Фролова,2024,Бюджет,57,7.9,136.0,Менеджмент,"г. Городовиковск, пер. Ивановский, д. 8 к. 6, 566293",8 661 783 30 26
Агафья Филипповна Семенова,2024,Бюджет,47,7.4,121.0,Психология,"клх Магнитогорск, ул. Новгородская, д. 2 стр. 9/3, 502042",+7 (873) 655-58-71
Валерия Валентиновна Фокина,2023,Целевая,55,7.6,131.0,Психология,"ст. Тайшет, наб. Красная, д. 9 к. 8/3, 135641",8 458 064 44 59
Прасковья Валентиновна Фомичева,2022,Платная,55,8.9,144.0,Информатика и вычислительная техника,"п. Истра, алл. Щербакова, д. 4, 835489",8 905 098 41 25
Кудряшова Зоя Макаровна,2022,Платная,44,6.3,107.0,Информатика и вычислительная техника,"г. Ижевск, бул. Калужский, д. 900 к. 1/6, 157360",+7 (732) 017-90-25
Устинов Артем Власович,2025,Бюджет,67,6.6,133.0,Медицина,"п. Фатеж, пр. Проезжий, д. 4/9, 830378",8 162 120 3315
Александра Юрьевна Субботина,2023,Платная,48,10.0,148.0,Психология,"п. Новый Уренгой, ш. Октябрьское, д. 2 к. 7/2, 265403",8 (303) 771-1871
Авксентий Архипович Лихачев,2024,Целевая,46,8.6,132.0,Информатика и вычислительная техника,"к. Ноглики, ул. Февральская, д. 5, 778570",88080395594
Степанов Эдуард Федосьевич,2021,Бюджет,53,6.5,118.0,Менеджмент,"д. Макаров, ул. Петровская, д. 356 стр. 397, 986752",+7 (763) 414-23-18
Субботин Валерий Александрович,2025,Целевая,68,7.9,147.0,Информатика и вычислительная техника,"п. Моздок, пр. Медицинский, д. 2 к. 4, 186479",8 (750) 644-5969
Савватий Валерианович Давыдов,2024,Целевая,51,6.5,116.0,Психология,"к. Сосьва (Хант.), пер. Невского, д. 4 к. 4, 077952",+7 200 896 94 95
Елисеева Нина Ниловна,2021,Платная,55,7.1,126.0,Дизайн,"с. Владикавказ, ул. Терешковой, д. 2 к. 17, 448998",+7 743 410 89 51
Виктория Леонидовна Силина,2025,Платная,78,8.3,161.0,Информатика и вычислительная техника,"ст. Фатеж, алл. Матросова, д. 1, 836287",8 912 920 19 23
Комиссаров Антонин Бенедиктович,2024,Платная,23,7.2,95.0,Юриспруденция,"п. Хабаровск, бул. Куйбышева, д. 6, 620733",+7 240 112 6037
Дорофеев Симон Ермилович,2023,Платная,37,7.4,111.0,Строительство,"ст. Тобольск, алл. Заовражная, д. 2 к. 57, 908859",+7 (746) 844-3029
Боброва Лора Вячеславовна,2024,Бюджет,49,6.3,112.0,Строительство,"ст. Озеры, бул. Целинный, д. 84 стр. 8/8, 178829",+77134699780
Яковлев Макар Вилорович,2022,Платная,31,6.3,94.0,Информатика и вычислительная техника,"клх Томари, алл. Свободная, д. 6 к. 4/2, 361332",8 744 289 9225
Оксана Никифоровна Лыткина,2025,Платная,58,7.3,131.0,Экономика,"с. Череповец, бул. Васильковый, д. 56, 410024",8 906 422 3526
Лариса Оскаровна Брагина,2021,Целевая,45,7.5,120.0,Медицина,"с. Лянтор, ш. М.Горького, д. 904 стр. 95, 135631",+73197832352
Элеонора Эльдаровна Дроздова,2021,Платная,71,5.6,127.0,Информатика и вычислительная техника,"д. Магадан, алл. Профсоюзная, д. 533 стр. 5, 578372",8 (441) 784-93-61
Дарья Васильевна Тихонова,2025,Бюджет,84,8.8,172.0,Менеджмент,"к. Соболево, наб. Терешковой, д. 5 стр. 825, 496875",+7 686 483 91 54
Ирина Григорьевна Коновалова,2022,Целевая,50,6.4,114.0,Менеджмент,"клх Воронеж, ш. Докучаева, д. 6/3 стр. 50, 791823",+7 (736) 043-3094
Денис Артурович Дьячков,2023,Бюджет,50,8.7,137.0,Медицина,"к. Волгоград, наб. Балтийская, д. 7/5 к. 4, 364316",8 556 632 15 52
Воронов Панфил Жанович,2021,Целевая,66,8.3,149.0,Дизайн,"ст. Нягань, алл. Короленко, д. 5/7 стр. 2, 022371",84247829422
Ольга Павловна Жданова,2024,Целевая,52,9.2,144.0,Лингвистика,"п. Красноярск, пр. Мичурина, д. 590 стр. 2, 411305",8 084 705 93 29
Коновалова Ия Филипповна,2025,Бюджет,39,7.2,111.0,Дизайн,"с. Беломорск, алл. Целинная, д. 9/5 к. 935, 986352",8 (474) 963-1813
Орехова Элеонора Георгиевна,2022,Бюджет,41,5.5,96.0,Информатика и вычислительная техника,"ст. Верхний Тагил, пер. Павлика Морозова, д. 82 стр. 9, 639120",8 018 908 7344
Леон Филиппович Сазонов,2024,Бюджет,73,7.3,146.0,Юриспруденция,"п. Поронайск, алл. Железнодорожная, д. 17 стр. 7/8, 509886",8 (504) 465-51-53
Олег Брониславович Абрамов,2022,Целевая,62,8.0,142.0,Журналистика,"д. Карпинск, наб. Автомобилистов, д. 961, 255788",8 (996) 866-5467
Олег Ильясович Шубин,2021,Целевая,31,7.4,105.0,Юриспруденция,"с. Балтийск, бул. Абрикосовый, д. 1, 886721",8 (793) 484-67-13
Емельян Демидович Кириллов,2021,Целевая,61,7.3,134.0,Экономика,"ст. Костомукша, ш. Угловое, д. 2, 456912",83854774506
Андрей Марсович Щербаков,2021,Целевая,39,8.0,119.0,Журналистика,"д. Игарка, ш. Мелиораторов, д. 1/5, 880223",+73643891031
Власова Маргарита Яковлевна,2021,Бюджет,40,7.1,111.0,Строительство,"г. Камышлов, ул. Кедровая, д. 95 к. 80, 433317",8 865 347 65 98
Романов Валерий Бориславович,2021,Бюджет,59,6.5,124.0,Психология,"г. Партизанск, пр. Буденного, д. 612 стр. 238, 558441",+7 (087) 954-5611
Гостомысл Витальевич Фомин,2023,Платная,45,7.5,120.0,Лингвистика,"г. Егорьевск, наб. Снежная, д. 954 стр. 699, 291957",+77735733969
Ипатий Терентьевич Александров,2025,Целевая,55,6.9,124.0,Медицина,"к. Нерчинск, наб. Поперечная, д. 366, 371761",+72005225106
Регина Афанасьевна Комарова,2021,Бюджет,19,7.9,98.0,Журналистика,"с. Батайск, пер. Вавилова, д. 61, 588434",8 097 976 1178
Орехова Глафира Матвеевна,2021,Бюджет,62,6.7,129.0,Психология,"с. Тимашевск, пр. Загородный, д. 30, 842586",8 732 762 3529
Евграф Юльевич Исаев,2021,Бюджет,41,8.6,127.0,Менеджмент,"ст. Нальчик, пер. Придорожный, д. 37 к. 977, 507193",8 890 803 61 82
Лаврентьев Милан Афанасьевич,2021,Бюджет,51,8.7,138.0,Экономика,"к. Северо-Курильск, пер. Сельский, д. 9/9 к. 9/2, 704415",+78098120624
Лебедев Аполлинарий Бенедиктович,2024,Платная,75,7.2,147.0,Менеджмент,"к. Таганрог, алл. Уральская, д. 8/9 к. 7, 324503",84512949834
Эмилия Антоновна Овчинникова,2022,Платная,53,9.7,150.0,Психология,"к. Темрюк, пр. Вокзальный, д. 9 к. 3/6, 310899",8 063 022 9391
Мария Антоновна Сидорова,2023,Бюджет,71,7.2,143.0,Юриспруденция,"г. Холмогоры, пер. Шоссейный, д. 2/2 стр. 8/6, 241151",8 034 960 1477
Лыткин Якуб Филатович,2021,Бюджет,49,6.0,109.0,Психология,"г. Крымск, алл. Центральная, д. 3 стр. 5/3, 214717",8 007 572 83 40
Наум Августович Максимов,2022,Платная,58,8.0,138.0,Лингвистика,"к. Шатура, наб. Ленинская, д. 1/2 к. 88, 932314",8 (662) 922-67-22
Архипова Ксения Павловна,2025,Целевая,62,7.1,133.0,Строительство,"ст. Тюмень, бул. Российский, д. 4/7 стр. 600, 352067",8 081 086 32 37
Кулакова Феврония Александровна,2022,Бюджет,53,6.5,118.0,Экономика,"клх Александровск, ул. Серова, д. 1/5 стр. 1/7, 780038",8 095 525 6293
Суворов Юлий Александрович,2021,Целевая,53,7.0,123.0,Журналистика,"г. Сунтар, ул. Есенина, д. 62, 903879",8 (217) 699-76-06
Дорофей Всеволодович Пономарев,2021,Бюджет,49,8.2,131.0,Психология,"с. Псебай, пер. Ростовский, д. 6/8, 607378",+7 292 324 8493
Кира Степановна Белова,2022,Бюджет,43,7.1,114.0,Информатика и вычислительная техника,"п. Асбест, бул. Дачный, д. 48 стр. 2/9, 292423",8 992 518 10 73
Вениамин Теймуразович Шестаков,2024,Платная,56,5.3,109.0,Экономика,"клх Братск, алл. Беляева, д. 957 стр. 681, 152050",+7 777 043 5190
Флорентин Федотович Абрамов,2023,Бюджет,43,6.6,109.0,Журналистика,"с. Октябрьский (Башк.), бул. Ростовский, д. 386, 021967",8 401 792 6916
Будимир Зиновьевич Кулаков,2021,Платная,43,7.7,120.0,Строительство,"клх Кондопога, пер. Магистральный, д. 549, 241516",+7 (523) 692-2246
Зинаида Федоровна Громова,2022,Платная,12,8.3,95.0,Экономика,"с. Касимов, алл. Солнечная, д. 5/2 стр. 6, 676350",8 560 913 6229
Соловьева Маргарита Григорьевна,2024,Бюджет,57,7.8,135.0,Юриспруденция,"г. Рубцовск, наб. Волочаевская, д. 37 стр. 97, 693204",81288286266
Лукин Симон Теймуразович,2024,Бюджет,37,8.0,117.0,Юриспруденция,"п. Яшкуль, ул. Сахалинская, д. 274, 891050",89711833501
Мамонтов Януарий Давыдович,2022,Платная,61,7.9,140.0,Менеджмент,"п. Карталы, алл. Жданова, д. 4/3, 046205",+7 (280) 576-5089
Олимпиада Артемовна Горшкова,2023,Целевая,23,7.6,99.0,Менеджмент,"клх Кош-Агач, наб. О.Кошевого, д. 102, 710350",+7 897 846 92 28
Агафонов Арефий Гаврилович,2025,Целевая,52,8.8,140.0,Экономика,"с. Переславль-Залесский, наб. Ростовская, д. 8/7 к. 4, 252539",8 (290) 509-28-23
Марфа Ефимовна Константинова,2025,Целевая,35,7.9,114.0,Менеджмент,"п. Комсомольск-на-Амуре, пр. Краснознаменный, д. 3 стр. 48, 089766",+74708790186
Валентина Филипповна Сысоева,2023,Бюджет,42,7.3,115.0,Экономика,"п. Анадырь, бул. Путевой, д. 2/2 к. 300, 783944",8 (586) 462-3248
Марков Панфил Феоктистович,2022,Бюджет,31,8.7,118.0,Психология,"к. Горячий Ключ, пер. Гончарова, д. 1/8, 287524",+7 675 996 9045
Рыбаков Агап Ильясович,2021,Целевая,62,8.1,143.0,Медицина,"с. Березники, пр. Ветеранов, д. 7/7 к. 19, 126305",8 886 228 6759
Геннадий Егорович Гаврилов,2023,Бюджет,48,9.8,146.0,Юриспруденция,"с. Нефтегорск (Самар.), пер. Шоссейный, д. 7 к. 36, 473944",+7 975 604 0978
Синклитикия Ильинична Ларионова,2024,Целевая,79,8.5,164.0,Журналистика,"клх Ставрополь, ш. Ярославское, д. 823, 337885",83831620024
Крылов Аникей Филатович,2024,Платная,30,7.8,108.0,Менеджмент,"п. Торжок, алл. Первомайская, д. 89 к. 74, 013296",8 (870) 670-91-26
Шестакова Анжелика Павловна,2024,Целевая,69,7.1,140.0,Юриспруденция,"клх Нарым, наб. Боровая, д. 272, 358707",8 276 695 8166
Тарасова Ия Артемовна,2025,Целевая,34,7.0,104.0,Медицина,"п. Дудинка, ш. 50 лет Октября, д. 3, 915829",+7 (531) 171-61-40
Октябрина Васильевна Некрасова,2025,Платная,77,9.4,171.0,Менеджмент,"ст. Яхрома, алл. Шахтерская, д. 7/8, 071948",+7 (088) 181-3352
Логинов Варлаам Афанасьевич,2024,Платная,61,7.2,133.0,Экономика,"клх Азов (Рост.), бул. Труда, д. 7/7 стр. 48, 495238",+7 683 248 09 68
Устинова Елена Николаевна,2023,Бюджет,56,7.0,126.0,Информатика и вычислительная техника,"ст. Уфа, ул. Смирнова, д. 9 стр. 1, 194623",+7 (992) 325-7995
Цветкова София Валентиновна,2023,Целевая,85,6.7,152.0,Строительство,"к. Оленек, пр. Некрасова, д. 8/8 к. 8, 751891",+7 388 012 2924
Назаров Андрон Андреевич,2024,Целевая,66,6.8,134.0,Дизайн,"с. Кимры, ул. 50 лет Октября, д. 21 стр. 6/1, 142246",8 701 033 4739
Гришин Василий Евстигнеевич,2022,Бюджет,44,8.5,129.0,Менеджмент,"клх Дербент, бул. Астраханский, д. 489 к. 68, 197006",8 (820) 036-09-40
Шестаков Владлен Данилович,2023,Платная,63,6.5,128.0,Лингвистика,"г. Курганинск, алл. Дальневосточная, д. 5/1 к. 2, 611944",8 222 744 2525
Алевтина Артемовна Смирнова,2022,Целевая,37,6.4,101.0,Психология,"клх Краснокамск, пер. Троицкий, д. 3 стр. 825, 731231",8 (068) 814-00-64
Валерия Андреевна Устинова,2022,Целевая,23,8.1,104.0,Юриспруденция,"к. Невинномысск, пер. Комсомольский, д. 1/1 стр. 49, 692464",+7 (676) 938-6893
Олимпиада Дмитриевна Фокина,2024,Платная,56,6.0,116.0,Информатика и вычислительная техника,"д. Юрьевец (Иван.), бул. Громова, д. 19 к. 1, 950185",8 (864) 348-5569
Тарас Изотович Королев,2022,Платная,58,6.7,125.0,Дизайн,"п. Кизел, ш. Каштановое, д. 7/9 к. 74, 748818",+75323427436
Анжелика Ниловна Белозерова,2022,Бюджет,48,8.6,134.0,Психология,"ст. Соликамск, ул. Матросова, д. 79, 407802",8 253 364 21 93
Пелагея Александровна Лыткина,2024,Бюджет,78,8.1,159.0,Экономика,"клх Сасово, пер. Волжский, д. 833, 752517",+7 553 937 6387
Ульяна Алексеевна Федорова,2021,Бюджет,41,5.4,95.0,Психология,"ст. Октябрьский (Башк.), пер. Томский, д. 65 к. 5/9, 537627",89422109485
Лихачев Гремислав Артёмович,2025,Платная,67,7.7,144.0,Дизайн,"ст. Псков, бул. Выгонный, д. 1 стр. 50, 366401",+7 (587) 448-4634
Филарет Харлампович Силин,2022,Бюджет,56,8.9,145.0,Медицина,"д. Славянск-на-Кубани, пр. Короленко, д. 7 к. 61, 500076",+7 (771) 268-22-23
Нестор Дорофеевич Зимин,2023,Бюджет,85,7.8,163.0,Строительство,"г. Вытегра, бул. Цветочный, д. 99 стр. 5/3, 654918",8 (115) 252-27-91
Никон Тарасович Фролов,2024,Целевая,56,7.6,132.0,Менеджмент,"п. Кашхатау, наб. Зеленая, д. 96, 821750",+7 (759) 602-3484
Ирина Леонидовна Васильева,2021,Целевая,65,9.2,157.0,Юриспруденция,"п. Шумиха, пр. Казачий, д. 91 к. 8/3, 736649",+7 (280) 260-42-36
Богданова Клавдия Владимировна,2025,Бюджет,43,6.1,104.0,Психология,"п. Ижевск, алл. Запрудная, д. 70 стр. 2/9, 308309",+7 561 819 84 68
Морозов Конон Терентьевич,2023,Бюджет,50,6.8,118.0,Лингвистика,"клх Серов, алл. Маркса Карла, д. 401, 256156",+7 963 562 2472
Данила Бенедиктович Исаев,2021,Целевая,59,6.9,128.0,Медицина,"к. Кострома, ул. Красноярская, д. 14 к. 66, 299957",+7 933 003 2578
Соловьев Демьян Анисимович,2022,Бюджет,48,6.7,115.0,Менеджмент,"к. Моздок, бул. Славянский, д. 2/7 к. 75, 352538",+7 784 758 7462
Мясников Симон Афанасьевич,2024,Платная,68,7.8,146.0,Журналистика,"п. Териберка, пер. Никитина, д. 1/1 стр. 874, 888510",+7 (601) 365-30-80
Шилова Анжела Тимуровна,2023,Платная,40,7.4,114.0,Строительство,"д. Поярково, пер. Минина, д. 76 стр. 2, 151957",+7 (376) 842-2644
Зоя Анатольевна Ермакова,2023,Бюджет,77,7.5,152.0,Менеджмент,"г. Ельня, ул. Димитрова, д. 7/4 к. 8, 473118",8 196 431 78 49
Виктория Эдуардовна Николаева,2025,Платная,29,7.4,103.0,Менеджмент,"клх Кизел, пер. Шахтерский, д. 18 стр. 33, 211850",+7 (860) 218-13-25
Тимофеева Анжела Владимировна,2023,Бюджет,93,6.6,159.0,Дизайн,"д. Североморск, наб. Ставропольская, д. 1 к. 5/4, 997963",+7 (064) 873-64-82
Твердислав Иларионович Беляков,2024,Целевая,71,6.8,139.0,Дизайн,"п. Минеральные Воды, наб. Беляева, д. 2/2 стр. 868, 085677",+7 048 957 68 61
Станислав Гаврилович Устинов,2021,Платная,67,5.0,117.0,Юриспруденция,"с. Токма, наб. Л.Толстого, д. 404, 269165",8 435 526 03 08
Силин Фотий Захарьевич,2024,Бюджет,50,6.3,113.0,Менеджмент,"к. Саранск, ш. Железнодорожное, д. 2/6, 694002",+7 (876) 878-25-39
Громов Аникей Виленович,2022,Целевая,57,7.1,128.0,Менеджмент,"д. Элиста, бул. Спартака, д. 344, 989578",80934982051
Терентьев Аверьян Дорофеевич,2025,Платная,69,5.9,128.0,Экономика,"с. Глазов, ул. Ленина, д. 98 стр. 9/5, 234750",86797376338
Руслан Андреевич Галкин,2024,Платная,64,8.3,147.0,Медицина,"клх Шумиха, пер. Дзержинского, д. 3/7 стр. 80, 240771",+71168007379
Светозар Викентьевич Громов,2025,Целевая,75,9.4,169.0,Журналистика,"п. Соликамск, пер. Культуры, д. 9/8 к. 7, 073387",+7 449 122 8369
Регина Валериевна Кулагина,2024,Целевая,39,7.9,118.0,Информатика и вычислительная техника,"д. Ачхой Мартан, наб. Верхняя, д. 6/5 стр. 2/3, 439516",89256118701
Дроздов Иннокентий Тимурович,2025,Бюджет,23,6.8,91.0,Журналистика,"к. Анадырь, ул. Станционная, д. 7 к. 233, 813634",8 (203) 951-7705
Ростислав Фомич Князев,2023,Бюджет,50,7.1,121.0,Дизайн,"д. Оленегорск (Якут.), алл. Безымянная, д. 7/8, 051211",84040508544
Григорий Антонович Беспалов,2021,Целевая,29,7.2,101.0,Лингвистика,"г. Сосногорск, пер. Окружной, д. 8, 772978",8 198 729 5681
Викторин Харлампьевич Ситников,2021,Бюджет,44,6.5,109.0,Юриспруденция,"п. Прохладный, пр. Семашко, д. 36, 122554",+7 (430) 657-79-14
Анна Ивановна Боброва,2022,Целевая,55,5.2,107.0,Психология,"г. Ноябрьск, ул. Гастелло, д. 1/6 стр. 76, 571510",8 (017) 789-1751
Лидия Филипповна Романова,2025,Целевая,64,5.3,117.0,Строительство,"д. Меренга, пр. Невского, д. 2 к. 30, 828651",+7 453 910 98 96
Федотова Нина Михайловна,2022,Целевая,48,7.4,122.0,Юриспруденция,"д. Борзя, ш. Почтовое, д. 2, 134876",8 360 457 51 99
Семенова Виктория Львовна,2021,Бюджет,40,7.3,113.0,Журналистика,"с. Королев, ул. Шахтерская, д. 47 стр. 42, 723207",+7 (104) 157-7138
Кира Георгиевна Лукина,2022,Бюджет,39,5.6,95.0,Лингвистика,"с. Туапсе, алл. Васильковая, д. 7 к. 2/3, 756427",+7 305 385 1403
Виктор Ааронович Дмитриев,2025,Целевая,52,6.9,121.0,Лингвистика,"д. Тотьма, пер. Чехова, д. 825, 552462",8 436 752 3740
Фролов Игорь Эдуардович,2021,Платная,34,8.3,117.0,Медицина,"с. Южноуральск, пер. Безымянный, д. 902 к. 2/2, 394538",+7 306 019 56 39
Макаров Родион Витальевич,2022,Целевая,58,6.4,122.0,Медицина,"п. Черусти, ул. Пушкина, д. 42 к. 9, 053866",+74466543230
Гаврилова Ирина Львовна,2024,Бюджет,34,7.6,110.0,Строительство,"г. Белореченск, пр. Победа, д. 9/4 к. 831, 582220",+7 052 288 7417
Дарья Дмитриевна Максимова,2023,Целевая,60,7.1,131.0,Психология,"с. Кедровый, пр. Матросова, д. 7 к. 1/9, 441639",8 096 273 86 49
Анжелика Альбертовна Маркова,2022,Бюджет,55,8.2,137.0,Медицина,"к. Крымск, пер. Культуры, д. 81 стр. 58, 301222",+79157087501
Евлампий Харлампович Медведев,2024,Целевая,51,7.3,124.0,Журналистика,"г. Кяхта, ш. Фабричное, д. 79 к. 6, 586544",8 (243) 030-3261
Ульяна Наумовна Горшкова,2025,Целевая,77,7.2,149.0,Информатика и вычислительная техника,"ст. Великий Устюг, наб. Курганная, д. 52 стр. 20, 326496",82923122354
Ульяна Тимофеевна Белякова,2023,Бюджет,58,7.5,133.0,Информатика и вычислительная техника,"г. Невьянск, наб. Главная, д. 449 стр. 282, 496726",8 873 557 64 08
Евгения Ждановна Жукова,2021,Бюджет,17,6.6,83.0,Информатика и вычислительная техника,"клх Каменск-Уральский, пер. Алтайский, д. 101, 232225",+7 (193) 581-72-44
Валентина Архиповна Лаврентьева,2023,Целевая,58,8.7,145.0,Журналистика,"к. Новгород Великий, наб. Лазо, д. 5 стр. 8/9, 497061",+7 (532) 249-4800
Дементьева Наина Константиновна,2022,Целевая,47,7.4,121.0,Юриспруденция,"п. Устюжна, пер. Победы, д. 83 стр. 172, 028793",8 788 426 36 64
Лариса Кузьминична Юдина,2024,Бюджет,26,7.4,100.0,Строительство,"п. Усинск, пер. Проезжий, д. 4, 619289",+7 (798) 172-5020
Назаров Лучезар Игнатьевич,2021,Бюджет,55,10.0,155.0,Дизайн,"д. Ростов, пр. Парижской Коммуны, д. 149 к. 22, 355222",+7 (664) 664-51-02
Белякова Раиса Эдуардовна,2023,Платная,50,7.2,122.0,Строительство,"с. Серов, ул. Абрикосовая, д. 8/3 стр. 56, 959120",+7 (354) 642-35-87
Котов Карп Алексеевич,2024,Платная,48,8.7,135.0,Информатика и вычислительная техника,"ст. Назрань, пр. Алтайский, д. 4/5 к. 1/9, 866448",+73471301136
Королев Клавдий Аксёнович,2025,Платная,89,7.1,160.0,Лингвистика,"ст. Терней, ш. Строительное, д. 7 стр. 606, 044416",8 258 542 6098
Анжела Мироновна Миронова,2023,Платная,63,5.4,117.0,Экономика,"ст. Тавда, бул. Учительский, д. 6/7, 506341",85762666285
Марина Станиславовна Федотова,2025,Целевая,57,8.8,145.0,Менеджмент,"с. Майкоп, ш. Смоленское, д. 9 к. 79, 952786",+73539677214
Хохлова Таисия Святославовна,2021,Платная,41,9.7,138.0,Информатика и вычислительная техника,"д. Северо-Курильск, ш. Майское, д. 2/1 стр. 5, 450704",8 660 888 92 51
Евдокимов Панкратий Марсович,2024,Бюджет,13,6.4,77.0,Медицина,"п. Вязьма, наб. Рылеева, д. 493 к. 41, 783797",8 823 002 64 87
Федорова Надежда Харитоновна,2024,Бюджет,73,7.9,152.0,Психология,"ст. Снежинск, пр. М.Горького, д. 94 стр. 1/7, 594571",+7 (324) 668-57-09
Лукия Львовна Морозова,2024,Платная,76,7.5,151.0,Строительство,"г. Ардон, бул. Речной, д. 8/3, 981030",8 822 978 2520
Панова Ольга Эльдаровна,2021,Платная,46,7.2,118.0,Медицина,"клх Курильск, ш. Спортивное, д. 2 стр. 59, 853839",8 897 574 65 57
Ия Андреевна Лазарева,2025,Платная,79,7.1,150.0,Медицина,"п. Сочи, алл. Островского, д. 55 стр. 5, 424797",+79653866190
Савина Елизавета Яковлевна,2022,Платная,76,8.0,156.0,Психология,"д. Сортавала, наб. Карбышева, д. 974 стр. 11, 809352",8 (977) 904-7591
Станислав Анатольевич Николаев,2023,Бюджет,51,7.4,125.0,Психология,"д. Каменск-Уральский, наб. Майская, д. 69 стр. 1/4, 454389",+7 833 911 9352
Воронцов Олег Викторович,2025,Целевая,55,7.3,128.0,Юриспруденция,"ст. Тотьма, пр. Средний, д. 94 стр. 2/4, 532494",8 (176) 451-96-06
Мухин Автоном Юлианович,2022,Платная,62,6.4,126.0,Строительство,"д. Чусовой, пер. Тюленина, д. 3/2 к. 5/1, 670658",8 (012) 621-53-03
Капустин Валентин Глебович,2021,Целевая,26,7.7,103.0,Информатика и вычислительная техника,"г. Мезень, алл. Котовского, д. 786 стр. 30, 554339",+7 (163) 790-8742
Киселев Вениамин Матвеевич,2021,Платная,64,6.4,128.0,Психология,"д. Петухово, бул. Красный, д. 2 к. 6, 071886",+7 (478) 773-84-08
Ираида Львовна Силина,2021,Платная,16,6.3,79.0,Менеджмент,"г. Беслан, бул. Депутатский, д. 612, 124326",8 (945) 303-8388
Савин Владислав Алексеевич,2021,Бюджет,55,7.8,133.0,Медицина,"с. Кырен, наб. Поперечная, д. 223 к. 8, 814131",+7 (815) 279-51-42
Владислав Фокич Чернов,2023,Целевая,55,7.2,127.0,Экономика,"п. Благовещенск (Амур.), пер. Водников, д. 109, 026484",8 (575) 141-5538
Светозар Валентинович Емельянов,2023,Целевая,44,7.5,119.0,Психология,"г. Волгодонск, ш. Серова, д. 7/9, 389544",+7 (550) 613-5501
Селезнева Юлия Вадимовна,2023,Платная,52,6.9,121.0,Психология,"г. Кудымкар, ш. Хвойное, д. 80, 683812",+7 508 403 32 22
Кузьмин Трофим Гурьевич,2023,Целевая,29,7.3,102.0,Информатика и вычислительная техника,"п. Соболево, ул. Кольцевая, д. 1, 605231",+78115768675
Александра Матвеевна Рожкова,2022,Бюджет,57,7.7,134.0,Журналистика,"ст. Солнечногорск, бул. Механический, д. 32 стр. 813, 314086",8 (452) 851-29-41
Ираклий Игоревич Никитин,2025,Платная,99,6.9,168.0,Менеджмент,"ст. Оса, пр. Окружной, д. 526 стр. 963, 619085",+7 566 737 9302
тов. Федосеев Вячеслав Андреевич,2023,Платная,74,6.7,141.0,Экономика,"клх Карачаевск, алл. Халтурина, д. 49 к. 6, 210699",+7 144 527 89 61
Блохина Наталья Кирилловна,2025,Бюджет,47,8.2,129.0,Информатика и вычислительная техника,"ст. Грозный, наб. Ключевая, д. 301 стр. 2, 851233",8 (911) 627-2926
Таисия Михайловна Веселова,2022,Платная,30,7.6,106.0,Менеджмент,"ст. Сухиничи, ул. Розы Люксембург, д. 609 к. 3, 342010",+7 (962) 137-27-05
Рогов Харитон Богданович,2023,Бюджет,30,6.9,99.0,Медицина,"п. Кузнецк, пр. 50 лет ВЛКСМ, д. 90, 617932",8 361 931 4773
Миронова Эмилия Кузьминична,2022,Целевая,43,7.0,113.0,Экономика,"г. Троицк (Челяб.), ш. Торговое, д. 22, 722642",8 851 592 9795
Титова Дарья Сергеевна,2021,Бюджет,28,7.0,98.0,Юриспруденция,"к. Азов (Рост.), пер. Береговой, д. 43 стр. 8/9, 131725",+7 (599) 286-4241
Щербакова Фаина Львовна,2024,Платная,68,5.4,122.0,Строительство,"к. Энгельс, наб. Космодемьянской, д. 7/2 стр. 6/6, 386121",8 896 652 8170
Федоров Максимильян Фомич,2022,Бюджет,61,6.9,130.0,Медицина,"д. Набережные Челны, пер. Терешковой, д. 3/1 стр. 472, 548520",+76283262224
Жукова Василиса Афанасьевна,2021,Целевая,48,7.0,118.0,Дизайн,"к. Чикола, бул. Кирпичный, д. 88 стр. 148, 863594",89300929549
Селиван Терентьевич Щербаков,2021,Платная,49,7.0,119.0,Информатика и вычислительная техника,"с. Славянск-на-Кубани, бул. Кузнецова, д. 806 стр. 72, 489927",8 617 553 72 14
Филиппова Любовь Афанасьевна,2021,Платная,56,7.1,127.0,Медицина,"д. Гатчина, наб. Покровская, д. 902 стр. 48, 809758",+7 751 614 5623
Федоров Евгений Иларионович,2021,Целевая,37,7.4,111.0,Дизайн,"д. Курчатов, ш. Тельмана, д. 31, 276319",8 (586) 242-69-03
Самуил Владиславович Русаков,2025,Бюджет,71,6.9,140.0,Юриспруденция,"п. Кашира, пер. Блюхера, д. 48 стр. 3/9, 453775",8 138 334 65 99
Исакова Евгения Мироновна,2022,Бюджет,55,7.2,127.0,Менеджмент,"к. Братск, пр. Клары Цеткин, д. 934 стр. 4, 518779",+79120097592
Валерий Гавриилович Федосеев,2024,Целевая,64,8.6,150.0,Менеджмент,"с. Кировск (Ленин.), наб. Кузнецкая, д. 6, 490174",8 (274) 637-5750
г-н Панфилов Анатолий Геннадиевич,2024,Платная,31,8.1,112.0,Строительство,"с. Быково (метеост.), пр. Ломоносова, д. 488, 046407",+7 735 285 34 51
Никодим Адрианович Беспалов,2025,Целевая,37,7.6,113.0,Менеджмент,"г. Вендинга, ш. Карбышева, д. 37, 663556",+7 499 802 58 82
Анна Михайловна Третьякова,2024,Бюджет,45,8.2,127.0,Психология,"с. Урус-Мартан, пер. Пионерский, д. 93, 925441",8 024 454 52 37
Ираклий Владиславович Брагин,2023,Бюджет,48,6.2,110.0,Психология,"ст. Омск, наб. Надежды, д. 29 стр. 62, 447803",8 439 243 60 52
Кира Вадимовна Фомина,2025,Платная,45,9.0,135.0,Психология,"с. Уренгой, ш. Октября, д. 61 стр. 80, 188488",8 826 569 96 32
Гущина Агата Яковлевна,2021,Платная,100,9.2,192.0,Журналистика,"ст. Чайковский, пр. Рыбацкий, д. 1 стр. 6, 375192",8 591 674 54 42
Егорова Алина Владиславовна,2022,Платная,77,8.9,166.0,Экономика,"п. Ведено, ул. Физкультурная, д. 80, 033292",8 514 737 98 64
Никифорова Элеонора Рубеновна,2022,Целевая,49,8.1,130.0,Юриспруденция,"ст. Игнашино, алл. Цветочная, д. 2 стр. 6, 772174",8 426 228 2993
Моисеева Людмила Леоновна,2023,Целевая,95,6.5,160.0,Информатика и вычислительная техника,"г. Шатура, алл. Полтавская, д. 2/4 стр. 8/1, 612677",+7 (698) 945-85-07
Белякова Тамара Владиславовна,2024,Бюджет,44,6.2,106.0,Журналистика,"п. Благовещенск (Амур.), наб. Воронежская, д. 2/1, 902437",+7 (871) 928-08-41
Панфилова Глафира Алексеевна,2025,Платная,64,6.5,129.0,Информатика и вычислительная техника,"с. Серов, ул. Чайковского, д. 5/6, 770269",+7 (394) 735-91-85
Баранов Андроник Артемьевич,2024,Бюджет,63,7.6,139.0,Журналистика,"ст. Белокуриха, алл. Прудная, д. 31, 733778",8 117 839 75 83
Кулаков Феликс Виленович,2022,Бюджет,63,5.2,115.0,Информатика и вычислительная техника,"д. Барнаул, ш. Болотное, д. 53, 834452",+7 435 631 8727
Сазонова Клавдия Натановна,2025,Бюджет,96,8.5,181.0,Дизайн,"ст. Алагир, пер. Аэродромный, д. 504 к. 516, 869354",+7 (124) 122-75-35
Ершова Майя Даниловна,2025,Платная,44,7.9,123.0,Информатика и вычислительная техника,"к. Мелеуз, бул. Локомотивный, д. 8 к. 4/4, 208383",8 247 931 68 67
Евсеева Майя Борисовна,2022,Платная,68,6.5,133.0,Менеджмент,"клх Качканар, ш. Азина, д. 8 к. 356, 225290",+79356288734
Мина Гавриилович Виноградов,2021,Целевая,45,7.3,118.0,Менеджмент,"п. Псков, ш. 60 лет Октября, д. 775 стр. 65, 398924",+7 (825) 124-08-34
Ираида Антоновна Соболева,2025,Бюджет,60,9.3,153.0,Журналистика,"п. Шарья, ш. Комсомольское, д. 20, 521152",8 040 056 47 66
Жанна Вадимовна Петрова,2022,Бюджет,70,8.0,150.0,Юриспруденция,"с. Хоста, ул. Нижняя, д. 53 стр. 94, 999720",8 556 252 67 25
Лука Виленович Стрелков,2021,Бюджет,47,6.7,114.0,Психология,"клх Бугульма, пр. Толстого, д. 9 к. 732, 169497",+7 861 772 4078
Нина Дмитриевна Одинцова,2024,Целевая,40,7.4,114.0,Юриспруденция,"п. Сальск, ул. Азовская, д. 51, 777145",8 (621) 972-12-65
Соболева Марина Харитоновна,2025,Целевая,55,8.3,138.0,Психология,"к. Яшкуль, бул. Юбилейный, д. 48 к. 36, 923016",+76737880029
Шарова Клавдия Никифоровна,2022,Платная,44,8.1,125.0,Медицина,"г. Каспийск, наб. О.Кошевого, д. 3/3, 040553",+7 559 537 6033
Тарасова Елена Матвеевна,2024,Целевая,32,6.1,93.0,Экономика,"клх Чулым, пр. Сахалинский, д. 7, 806014",82475409117
Николаев Марк Валерьевич,2021,Бюджет,37,9.5,132.0,Журналистика,"ст. Калязин, пр. Горького, д. 17, 214495",88811528941
Варвара Степановна Щукина,2022,Целевая,52,7.3,125.0,Экономика,"клх Тырныауз, бул. Щетинкина, д. 91 стр. 522, 919768",+7 (017) 110-80-72
Филипп Федосеевич Борисов,2024,Платная,32,6.0,92.0,Строительство,"г. Киржач, ш. Правды, д. 5, 138927",8 (556) 703-9455
Маркова Валерия Кирилловна,2024,Платная,75,7.0,145.0,Дизайн,"клх Балашов, бул. Радужный, д. 9/1 к. 4/4, 366086",8 623 894 66 69
Пров Васильевич Гущин,2022,Бюджет,51,7.8,129.0,Информатика и вычислительная техника,"д. Махачкала, пер. Кубанский, д. 9, 340101",+7 975 978 7660
Авдей Валерьевич Исаков,2022,Целевая,44,7.0,114.0,Информатика и вычислительная техника,"к. Екатеринбург, ул. Щербакова, д. 930 к. 6, 570659",+7 091 370 67 24
Осипов Гостомысл Харитонович,2023,Целевая,71,6.4,135.0,Юриспруденция,"клх Мезень, алл. Ульяновская, д. 1/9, 824137",+7 166 433 6353
Евпраксия Афанасьевна Носкова,2021,Платная,69,7.3,142.0,Психология,"г. Верхоянск, ул. 8 Марта, д. 3/9 к. 40, 868211",8 (156) 804-66-73
Аполлон Захарьевич Соколов,2022,Целевая,48,5.5,103.0,Дизайн,"д. Печенга, бул. Главный, д. 763 стр. 728, 060100",8 146 517 53 94
Гордеев Милен Глебович,2022,Бюджет,38,7.1,109.0,Строительство,"г. Кашира, пр. Советской Армии, д. 5/7 к. 481, 152664",8 304 642 57 19
Иванна Матвеевна Абрамова,2021,Бюджет,49,8.5,134.0,Экономика,"п. Усть-Кут, ш. Орджоникидзе, д. 5/4 стр. 9/7, 021370",82696962289
Шестакова Любовь Ждановна,2024,Целевая,54,5.0,104.0,Дизайн,"д. Балтийск, ул. Надежды, д. 7 стр. 645, 827036",8 869 170 37 93
Рожкова Ия Олеговна,2024,Бюджет,48,7.2,120.0,Психология,"п. Павловский Посад, бул. Щербакова, д. 904, 728210",+7 (107) 079-66-99
Ратибор Измаилович Евдокимов,2022,Платная,77,7.7,154.0,Журналистика,"с. Чита, алл. 70 лет Октября, д. 6, 762699",8 (544) 100-64-77
Севастьян Фёдорович Алексеев,2024,Платная,43,6.8,111.0,Лингвистика,"п. Верхоянск, алл. Жуковского, д. 1/1 к. 7/8, 362087",+7 (168) 169-09-80
Антонина Львовна Соболева,2022,Бюджет,53,7.6,129.0,Менеджмент,"ст. Павловская, пер. Красноярский, д. 531 стр. 16, 285747",8 564 031 30 77
Вацлав Ильясович Михайлов,2021,Целевая,42,7.2,114.0,Информатика и вычислительная техника,"клх Новосибирск, бул. Жукова, д. 941 стр. 53, 185662",+79094137878
Феврония Эльдаровна Иванова,2024,Целевая,45,7.7,122.0,Менеджмент,"г. Александровск, пр. 9 Января, д. 9 стр. 3, 724321",8 (097) 766-3586
Смирнов Филимон Иосипович,2022,Платная,47,9.2,139.0,Менеджмент,"п. Туапсе, бул. Социалистический, д. 26 стр. 6, 139702",8 (488) 571-71-17
Марфа Евгеньевна Зыкова,2021,Платная,39,8.1,120.0,Экономика,"д. Сыктывкар, бул. Пушкинский, д. 3/9, 791347",8 777 468 62 31
Лукия Дмитриевна Виноградова,2021,Целевая,48,7.4,122.0,Строительство,"д. Саранск, ш. Циолковского, д. 44 стр. 717, 563376",86437936323
Блинов Варлаам Гордеевич,2024,Целевая,72,7.9,151.0,Менеджмент,"клх Тайшет, бул. Западный, д. 1/5 к. 97, 326980",+7 (637) 286-66-82
Роман Яковлевич Гуляев,2021,Бюджет,51,6.9,120.0,Строительство,"д. Бреды, бул. Тополиный, д. 1, 774278",8 204 485 90 57
Синклитикия Дмитриевна Константинова,2025,Бюджет,53,9.0,143.0,Психология,"к. Бугуруслан, ул. Ярославская, д. 658 к. 7, 824653",+7 (325) 484-93-41
Бурова Евфросиния Макаровна,2023,Платная,72,7.5,147.0,Лингвистика,"п. Мирный, пр. Ольховый, д. 80, 499293",+7 (613) 305-8983
Мясникова Лидия Николаевна,2023,Бюджет,68,9.4,162.0,Психология,"с. Пермь, ул. Балтийская, д. 469, 889439",8 (451) 819-70-64
Маргарита Афанасьевна Костина,2022,Платная,59,8.9,148.0,Медицина,"с. Северобайкальск, наб. Проточная, д. 34 стр. 4, 378379",8 (882) 921-11-35
Оксана Семеновна Белова,2023,Бюджет,36,7.1,107.0,Журналистика,"г. Великие Луки, пер. Ставропольский, д. 7/1 к. 80, 341164",8 334 889 9043
Кир Захарьевич Владимиров,2024,Целевая,59,7.9,138.0,Информатика и вычислительная техника,"г. Черусти, пер. Фестивальный, д. 261 стр. 9/8, 232738",+7 721 354 6894
Горбачева Галина Яковлевна,2024,Платная,68,8.1,149.0,Медицина,"клх Суздаль, пер. Болотный, д. 224 к. 102, 008406",8 (799) 524-32-42
Евпраксия Максимовна Колесникова,2022,Платная,30,6.9,99.0,Информатика и вычислительная техника,"клх Троицк (Моск.), наб. Прудовая, д. 2/8, 847064",+75582843358
Гуляева Елена Даниловна,2021,Бюджет,27,8.1,108.0,Медицина,"ст. Углич, алл. Народная, д. 197 стр. 76, 224956",+7 (061) 425-1130
Ферапонт Тимурович Потапов,2024,Целевая,69,8.0,149.0,Дизайн,"п. Североуральск, наб. Пугачева, д. 99, 245418",8 (167) 440-1047
Оксана Владиславовна Корнилова,2025,Целевая,47,7.5,122.0,Юриспруденция,"п. Сосногорск, ул. Крымская, д. 595, 129612",8 (479) 095-4391
Уваров Януарий Егорович,2022,Бюджет,46,8.5,131.0,Лингвистика,"к. Краснокамск, наб. З.Космодемьянской, д. 7 стр. 18, 666952",8 427 599 9893
Горбачева Варвара Даниловна,2021,Целевая,73,8.5,158.0,Строительство,"с. Шелехов, пр. Буденного, д. 4/6 стр. 722, 881977",+78913827510
Любосмысл Трофимович Герасимов,2024,Бюджет,75,7.3,148.0,Психология,"с. Калининград, алл. Горького, д. 3 стр. 801, 273673",8 062 271 8535
Лазарь Александрович Гусев,2021,Платная,42,8.7,129.0,Журналистика,"к. Нижнекамск, пр. Владимирский, д. 9 стр. 37, 375007",87733362364
Надежда Вениаминовна Гришина,2021,Бюджет,36,7.9,115.0,Психология,"к. Обнинск, пер. Стадионный, д. 20 стр. 33, 221193",8 (836) 425-15-05
Савелий Ермилович Кулаков,2021,Целевая,64,7.7,141.0,Экономика,"д. Серпухов, наб. Свободная, д. 4 стр. 7, 869308",+7 136 703 38 88
Михайлов Мартьян Архипович,2023,Платная,43,7.2,115.0,Дизайн,"г. Курильск, пр. Просторный, д. 553, 848635",8 195 648 43 47
Милен Венедиктович Якушев,2022,Бюджет,72,7.7,149.0,Менеджмент,"п. Калач, пр. Западный, д. 2/8 к. 14, 199436",82566792430
Нинель Владиславовна Зимина,2024,Платная,60,7.8,138.0,Юриспруденция,"клх Ростов, пер. Кузнечный, д. 730 к. 1/2, 364124",88124920518
Ильина Пелагея Григорьевна,2023,Целевая,36,6.3,99.0,Менеджмент,"д. Малоярославец, пр. Большой, д. 239 стр. 3, 388385",8 (543) 130-32-16
Валерьян Глебович Федосеев,2021,Бюджет,69,9.9,168.0,Менеджмент,"клх Ельня, пр. Олега Кошевого, д. 6, 788609",+7 (820) 166-9486
Иванов Лонгин Дорофеевич,2022,Платная,40,7.4,114.0,Лингвистика,"п. Валдай, пр. Полтавский, д. 493 к. 839, 783889",8 (510) 315-01-75
Алла Александровна Фомичева,2025,Бюджет,48,8.3,131.0,Дизайн,"д. Москва, наб. Энергетическая, д. 6/1, 241009",+7 170 810 6103
Изяслав Аверьянович Титов,2022,Бюджет,63,7.3,136.0,Менеджмент,"п. Анапа, бул. Сибирский, д. 75, 380695",+7 (373) 261-9983
София Альбертовна Шарапова,2024,Платная,85,8.2,167.0,Журналистика,"к. Юровск, пер. Чехова, д. 6/1 стр. 50, 668482",+7 (032) 023-5921
Мамонтова Элеонора Семеновна,2024,Платная,43,7.5,118.0,Медицина,"д. Королев, бул. Енисейский, д. 6/9, 844338",8 316 294 14 06
Венедикт Богданович Колобов,2025,Платная,58,9.5,153.0,Экономика,"к. Кулу, алл. Угольная, д. 74 стр. 4, 713070",8 438 391 05 63
Владлен Ермолаевич Блохин,2024,Целевая,63,7.2,135.0,Психология,"д. Астрахань, пр. Короткий, д. 9, 538383",+7 (585) 916-98-09
Кондратьев Натан Антипович,2025,Платная,92,7.7,169.0,Медицина,"с. Ессентуки, ш. Центральное, д. 1, 710794",+7 588 069 90 83
Шестакова Регина Яковлевна,2025,Целевая,65,7.7,142.0,Строительство,"п. Данков, ш. Высотное, д. 8/1 к. 41, 348248",8 813 601 81 51
Красильникова Виктория Валентиновна,2024,Бюджет,55,8.3,138.0,Дизайн,"клх Самара, бул. Павлика Морозова, д. 78, 567264",8 (245) 217-4444
Ульяна Ивановна Русакова,2025,Целевая,57,8.2,139.0,Лингвистика,"г. Ковров, ш. Станционное, д. 1 к. 667, 817012",8 (574) 987-57-26
Макаров Тимур Федотович,2021,Целевая,65,6.1,126.0,Психология,"ст. Нефедова, алл. Вишневая, д. 7 стр. 528, 884728",+70402683329
Красильников Каллистрат Терентьевич,2022,Бюджет,45,9.2,137.0,Менеджмент,"п. Устюжна, бул. Брянский, д. 8/8 к. 68, 507964",82476441510
Потапов Всеволод Геннадиевич,2023,Целевая,74,6.9,143.0,Экономика,"п. Троицк (Моск.), пер. Мая 1, д. 3 стр. 5, 117916",+7 (953) 235-1303
Наина Филипповна Денисова,2025,Целевая,79,7.4,153.0,Медицина,"д. Кропоткин (Краснод.), наб. Садовая, д. 293, 109921",+7 296 724 45 46
Елисеев Гурий Иосифович,2025,Платная,88,6.9,157.0,Лингвистика,"г. Канск, пр. Лазурный, д. 547, 943898",8 481 562 4424
Гаврила Витальевич Голубев,2024,Платная,67,8.8,155.0,Медицина,"п. Данков, ш. Речное, д. 84, 395153",+7 (373) 695-90-08
Данилов Богдан Витальевич,2021,Платная,47,9.0,137.0,Дизайн,"г. Усть-Ишим, ш. Болотное, д. 42 к. 6, 869785",83148302668
Стрелков Ратмир Демьянович,2023,Целевая,68,8.6,154.0,Юриспруденция,"с. Буденновск, бул. Медицинский, д. 90 стр. 9/1, 448520",8 (428) 994-59-12
Третьякова Ксения Руслановна,2021,Платная,10,6.8,78.0,Психология,"ст. Видное, наб. Интернациональная, д. 406, 277683",+7 497 613 69 98
Мартынов Георгий Игоревич,2023,Целевая,45,7.9,124.0,Психология,"д. Пермь, ул. Новостройка, д. 4 к. 8/4, 561342",+7 (885) 135-05-38
Мясников Ростислав Давыдович,2025,Целевая,82,7.7,159.0,Медицина,"к. Онега, наб. Пролетарская, д. 947 к. 1/9, 098985",+7 (918) 499-74-11
Анатолий Юлианович Кононов,2025,Целевая,59,8.8,147.0,Экономика,"с. Великий Устюг, пр. Молодежный, д. 91, 108141",+70846775448
Лобанова Лариса Кузьминична,2022,Целевая,40,6.7,107.0,Менеджмент,"к. Минусинск, ул. Зеленая, д. 616 стр. 3, 504408",8 948 650 7574
Марфа Альбертовна Архипова,2025,Бюджет,61,8.3,144.0,Информатика и вычислительная техника,"п. Смоленск, ул. Чайковского, д. 6/5 к. 38, 210187",8 606 648 4657
Гаврилов Аполлинарий Гаврилович,2025,Платная,47,6.7,114.0,Информатика и вычислительная техника,"клх Елатьма, ш. Высоцкого, д. 303, 847939",8 653 526 2324
Сазонов Аггей Федотович,2024,Бюджет,35,8.2,117.0,Дизайн,"г. Усинск, наб. Красина, д. 317 стр. 6/4, 263514",+7 424 544 06 55
Назаров Карп Викторович,2021,Платная,65,9.3,158.0,Строительство,"г. Талдом, ш. Высокое, д. 198 к. 3, 767039",+7 (227) 337-4955
Филатов Дорофей Зиновьевич,2022,Целевая,43,8.0,123.0,Лингвистика,"клх Йошкар-Ола, бул. Маркса Карла, д. 9, 550493",+75347586167
Филиппова Прасковья Аскольдовна,2022,Бюджет,51,8.2,133.0,Юриспруденция,"к. Черкесск, пер. 9 мая, д. 8 к. 830, 422508",8 228 299 55 28
Григорьев Пахом Артёмович,2022,Платная,55,8.6,141.0,Дизайн,"г. Кырен, пер. Российский, д. 3/8 к. 21, 751637",+7 (717) 351-70-25
Фомина Синклитикия Романовна,2021,Бюджет,74,5.6,130.0,Лингвистика,"п. Кизилюрт, наб. Первомайская, д. 1 к. 8, 867967",+7 393 895 19 13
Ширяев Капитон Евсеевич,2022,Целевая,46,7.3,119.0,Информатика и вычислительная техника,"к. Верхний Уфалей, наб. Коммунистическая, д. 1, 202999",8 117 967 41 85
Носова Анастасия Владимировна,2025,Платная,57,6.1,118.0,Дизайн,"к. Кириши, пр. Станционный, д. 55 к. 60, 094550",+7 (824) 680-4983
Адам Демидович Фролов,2021,Целевая,53,7.2,125.0,Лингвистика,"д. Добрянка, алл. Средняя, д. 1/9 к. 2, 089814",+7 (897) 001-25-52
Валентина Геннадиевна Самойлова,2023,Целевая,84,8.8,172.0,Дизайн,"к. Южноуральск, пер. Пролетарский, д. 2 стр. 97, 083525",+7 (007) 612-6776
Ксения Григорьевна Лазарева,2023,Платная,28,9.9,127.0,Юриспруденция,"г. Биробиджан, ул. Бажова, д. 114 к. 5, 702588",8 659 963 44 68
Лука Вячеславович Романов,2023,Бюджет,41,7.5,116.0,Менеджмент,"к. Алапаевск, наб. Моховая, д. 1/4 стр. 3, 568766",80063821799
Семенов Борислав Феликсович,2021,Бюджет,29,7.7,106.0,Экономика,"ст. Курск, пр. Есенина, д. 1 стр. 67, 084300",84715258004
Фёкла Артемовна Горбачева,2021,Бюджет,36,6.5,101.0,Медицина,"г. Астрахань, алл. Просвещения, д. 49 стр. 9, 724491",+7 423 956 20 04
